Country/Region,2020-01-22 00:00:00,2020-01-23 00:00:00,2020-01-24 00:00:00,2020-01-25 00:00:00,2020-01-26 00:00:00,2020-01-27 00:00:00,2020-01-28 00:00:00,2020-01-29 00:00:00,2020-01-30 00:00:00,2020-01-31 00:00:00,2020-02-01 00:00:00,2020-02-02 00:00:00,2020-02-03 00:00:00,2020-02-04 00:00:00,2020-02-05 00:00:00,2020-02-06 00:00:00,2020-02-07 00:00:00,2020-02-08 00:00:00,2020-02-09 00:00:00,2020-02-10 00:00:00,2020-02-11 00:00:00,2020-02-12 00:00:00,2020-02-13 00:00:00,2020-02-14 00:00:00,2020-02-15 00:00:00,2020-02-16 00:00:00,2020-02-17 00:00:00,2020-02-18 00:00:00,2020-02-19 00:00:00,2020-02-20 00:00:00,2020-02-21 00:00:00,2020-02-22 00:00:00,2020-02-23 00:00:00,2020-02-24 00:00:00,2020-02-25 00:00:00,2020-02-26 00:00:00,2020-02-27 00:00:00,2020-02-28 00:00:00,2020-02-29 00:00:00,2020-03-01 00:00:00,2020-03-02 00:00:00,2020-03-03 00:00:00,2020-03-04 00:00:00,2020-03-05 00:00:00,2020-03-06 00:00:00,2020-03-07 00:00:00,2020-03-08 00:00:00,2020-03-09 00:00:00,2020-03-10 00:00:00,2020-03-11 00:00:00,2020-03-12 00:00:00,2020-03-13 00:00:00,2020-03-14 00:00:00,2020-03-15 00:00:00,2020-03-16 00:00:00,2020-03-17 00:00:00,2020-03-18 00:00:00,2020-03-19 00:00:00,2020-03-20 00:00:00,2020-03-21 00:00:00,2020-03-22 00:00:00,2020-03-23 00:00:00,2020-03-24 00:00:00,2020-03-25 00:00:00,2020-03-26 00:00:00,2020-03-27 00:00:00,2020-03-28 00:00:00,2020-03-29 00:00:00,2020-03-30 00:00:00,2020-03-31 00:00:00,2020-04-01 00:00:00,2020-04-02 00:00:00,2020-04-03 00:00:00,2020-04-04 00:00:00,2020-04-05 00:00:00,2020-04-06 00:00:00,2020-04-07 00:00:00,2020-04-08 00:00:00,2020-04-09 00:00:00,2020-04-10 00:00:00,2020-04-11 00:00:00,2020-04-12 00:00:00,2020-04-13 00:00:00,2020-04-14 00:00:00,2020-04-15 00:00:00,2020-04-16 00:00:00,2020-04-17 00:00:00,2020-04-18 00:00:00,2020-04-19 00:00:00,2020-04-20 00:00:00,2020-04-21 00:00:00,2020-04-22 00:00:00,2020-04-23 00:00:00,2020-04-24 00:00:00,2020-04-25 00:00:00,2020-04-26 00:00:00,2020-04-27 00:00:00,2020-04-28 00:00:00,2020-04-29 00:00:00,2020-04-30 00:00:00,2020-05-01 00:00:00,2020-05-02 00:00:00,2020-05-03 00:00:00,2020-05-04 00:00:00,2020-05-05 00:00:00,2020-05-06 00:00:00,2020-05-07 00:00:00,2020-05-08 00:00:00,2020-05-09 00:00:00,2020-05-10 00:00:00,2020-05-11 00:00:00,2020-05-12 00:00:00,2020-05-13 00:00:00,2020-05-14 00:00:00,2020-05-15 00:00:00,2020-05-16 00:00:00,2020-05-17 00:00:00,2020-05-18 00:00:00,2020-05-19 00:00:00,2020-05-20 00:00:00,2020-05-21 00:00:00,2020-05-22 00:00:00,2020-05-23 00:00:00,2020-05-24 00:00:00,2020-05-25 00:00:00,2020-05-26 00:00:00,2020-05-27 00:00:00,2020-05-28 00:00:00,2020-05-29 00:00:00,2020-05-30 00:00:00,2020-05-31 00:00:00,2020-06-01 00:00:00,2020-06-02 00:00:00,2020-06-03 00:00:00,2020-06-04 00:00:00,2020-06-05 00:00:00,2020-06-06 00:00:00,2020-06-07 00:00:00,2020-06-08 00:00:00,2020-06-09 00:00:00,2020-06-10 00:00:00,2020-06-11 00:00:00,2020-06-12 00:00:00,2020-06-13 00:00:00,2020-06-14 00:00:00,2020-06-15 00:00:00,2020-06-16 00:00:00,2020-06-17 00:00:00,2020-06-18 00:00:00,2020-06-19 00:00:00,2020-06-20 00:00:00,2020-06-21 00:00:00,2020-06-22 00:00:00,2020-06-23 00:00:00,2020-06-24 00:00:00,2020-06-25 00:00:00,2020-06-26 00:00:00,2020-06-27 00:00:00,2020-06-28 00:00:00,2020-06-29 00:00:00,2020-06-30 00:00:00,2020-07-01 00:00:00,2020-07-02 00:00:00,2020-07-03 00:00:00,2020-07-04 00:00:00,2020-07-05 00:00:00,2020-07-06 00:00:00,2020-07-07 00:00:00,2020-07-08 00:00:00,2020-07-09 00:00:00,2020-07-10 00:00:00,2020-07-11 00:00:00,2020-07-12 00:00:00,2020-07-13 00:00:00,2020-07-14 00:00:00,2020-07-15 00:00:00,2020-07-16 00:00:00,2020-07-17 00:00:00,2020-07-18 00:00:00,2020-07-19 00:00:00,2020-07-20 00:00:00,2020-07-21 00:00:00,2020-07-22 00:00:00,2020-07-23 00:00:00,2020-07-24 00:00:00,2020-07-25 00:00:00,2020-07-26 00:00:00,2020-07-27 00:00:00,2020-07-28 00:00:00,2020-07-29 00:00:00,2020-07-30 00:00:00,2020-07-31 00:00:00,2020-08-01 00:00:00,2020-08-02 00:00:00,2020-08-03 00:00:00,2020-08-04 00:00:00,2020-08-05 00:00:00,2020-08-06 00:00:00,2020-08-07 00:00:00,2020-08-08 00:00:00,2020-08-09 00:00:00,2020-08-10 00:00:00,2020-08-11 00:00:00,2020-08-12 00:00:00,2020-08-13 00:00:00,2020-08-14 00:00:00,2020-08-15 00:00:00,2020-08-16 00:00:00,2020-08-17 00:00:00,2020-08-18 00:00:00,2020-08-19 00:00:00,2020-08-20 00:00:00,2020-08-21 00:00:00,2020-08-22 00:00:00,2020-08-23 00:00:00,2020-08-24 00:00:00,2020-08-25 00:00:00,2020-08-26 00:00:00,2020-08-27 00:00:00,2020-08-28 00:00:00,2020-08-29 00:00:00,2020-08-30 00:00:00,2020-08-31 00:00:00,2020-09-01 00:00:00,2020-09-02 00:00:00,2020-09-03 00:00:00,2020-09-04 00:00:00,2020-09-05 00:00:00,2020-09-06 00:00:00,2020-09-07 00:00:00,2020-09-08 00:00:00,2020-09-09 00:00:00,2020-09-10 00:00:00,2020-09-11 00:00:00,2020-09-12 00:00:00,2020-09-13 00:00:00,2020-09-14 00:00:00,2020-09-15 00:00:00,2020-09-16 00:00:00,2020-09-17 00:00:00,2020-09-18 00:00:00,2020-09-19 00:00:00,2020-09-20 00:00:00,2020-09-21 00:00:00,2020-09-22 00:00:00,2020-09-23 00:00:00,2020-09-24 00:00:00,2020-09-25 00:00:00,2020-09-26 00:00:00,2020-09-27 00:00:00,2020-09-28 00:00:00,2020-09-29 00:00:00,2020-09-30 00:00:00,2020-10-01 00:00:00,2020-10-02 00:00:00,2020-10-03 00:00:00,2020-10-04 00:00:00,2020-10-05 00:00:00,2020-10-06 00:00:00,2020-10-07 00:00:00,2020-10-08 00:00:00,2020-10-09 00:00:00,2020-10-10 00:00:00,2020-10-11 00:00:00,2020-10-12 00:00:00,2020-10-13 00:00:00,2020-10-14 00:00:00,2020-10-15 00:00:00,2020-10-16 00:00:00,2020-10-17 00:00:00,2020-10-18 00:00:00,2020-10-19 00:00:00,2020-10-20 00:00:00,2020-10-21 00:00:00,2020-10-22 00:00:00,2020-10-23 00:00:00,2020-10-24 00:00:00,2020-10-25 00:00:00,2020-10-26 00:00:00,2020-10-27 00:00:00,2020-10-28 00:00:00,2020-10-29 00:00:00,2020-10-30 00:00:00,2020-10-31 00:00:00,2020-11-01 00:00:00,2020-11-02 00:00:00,2020-11-03 00:00:00,2020-11-04 00:00:00,2020-11-05 00:00:00,2020-11-06 00:00:00,2020-11-07 00:00:00,2020-11-08 00:00:00,2020-11-09 00:00:00,2020-11-10 00:00:00,2020-11-11 00:00:00,2020-11-12 00:00:00,2020-11-13 00:00:00,2020-11-14 00:00:00,2020-11-15 00:00:00,2020-11-16 00:00:00,2020-11-17 00:00:00,2020-11-18 00:00:00,2020-11-19 00:00:00,2020-11-20 00:00:00,2020-11-21 00:00:00,2020-11-22 00:00:00,2020-11-23 00:00:00,2020-11-24 00:00:00,2020-11-25 00:00:00,2020-11-26 00:00:00,2020-11-27 00:00:00,2020-11-28 00:00:00,2020-11-29 00:00:00,2020-11-30 00:00:00,2020-12-01 00:00:00,2020-12-02 00:00:00,2020-12-03 00:00:00,2020-12-04 00:00:00,2020-12-05 00:00:00,2020-12-06 00:00:00,2020-12-07 00:00:00,2020-12-08 00:00:00,2020-12-09 00:00:00,2020-12-10 00:00:00,2020-12-11 00:00:00,2020-12-12 00:00:00,2020-12-13 00:00:00,2020-12-14 00:00:00,2020-12-15 00:00:00,2020-12-16 00:00:00,2020-12-17 00:00:00,2020-12-18 00:00:00,2020-12-19 00:00:00,2020-12-20 00:00:00,2020-12-21 00:00:00,2020-12-22 00:00:00,2020-12-23 00:00:00,2020-12-24 00:00:00,2020-12-25 00:00:00,2020-12-26 00:00:00,2020-12-27 00:00:00,2020-12-28 00:00:00,2020-12-29 00:00:00,2020-12-30 00:00:00,2020-12-31 00:00:00,2021-01-01 00:00:00,2021-01-02 00:00:00,2021-01-03 00:00:00,2021-01-04 00:00:00,2021-01-05 00:00:00,2021-01-06 00:00:00,2021-01-07 00:00:00,2021-01-08 00:00:00,2021-01-09 00:00:00,2021-01-10 00:00:00,2021-01-11 00:00:00,2021-01-12 00:00:00,2021-01-13 00:00:00,2021-01-14 00:00:00,2021-01-15 00:00:00,2021-01-16 00:00:00,2021-01-17 00:00:00,2021-01-18 00:00:00,2021-01-19 00:00:00,2021-01-20 00:00:00,2021-01-21 00:00:00,2021-01-22 00:00:00,2021-01-23 00:00:00,2021-01-24 00:00:00,2021-01-25 00:00:00,2021-01-26 00:00:00,2021-01-27 00:00:00,2021-01-28 00:00:00,2021-01-29 00:00:00,2021-01-30 00:00:00,2021-01-31 00:00:00,2021-02-01 00:00:00,2021-02-02 00:00:00,2021-02-03 00:00:00,2021-02-04 00:00:00,2021-02-05 00:00:00,2021-02-06 00:00:00,2021-02-07 00:00:00,2021-02-08 00:00:00,2021-02-09 00:00:00,2021-02-10 00:00:00,2021-02-11 00:00:00,2021-02-12 00:00:00,2021-02-13 00:00:00,2021-02-14 00:00:00,2021-02-15 00:00:00,2021-02-16 00:00:00,2021-02-17 00:00:00,2021-02-18 00:00:00,2021-02-19 00:00:00,2021-02-20 00:00:00,2021-02-21 00:00:00,2021-02-22 00:00:00,2021-02-23 00:00:00,2021-02-24 00:00:00,2021-02-25 00:00:00,2021-02-26 00:00:00,2021-02-27 00:00:00,2021-02-28 00:00:00,2021-03-01 00:00:00,2021-03-02 00:00:00,2021-03-03 00:00:00,2021-03-04 00:00:00,2021-03-05 00:00:00,2021-03-06 00:00:00,2021-03-07 00:00:00,2021-03-08 00:00:00,2021-03-09 00:00:00,2021-03-10 00:00:00,2021-03-11 00:00:00,2021-03-12 00:00:00,2021-03-13 00:00:00,2021-03-14 00:00:00,2021-03-15 00:00:00,2021-03-16 00:00:00,2021-03-17 00:00:00,2021-03-18 00:00:00,2021-03-19 00:00:00,2021-03-20 00:00:00,2021-03-21 00:00:00,2021-03-22 00:00:00,2021-03-23 00:00:00,2021-03-24 00:00:00,2021-03-25 00:00:00,2021-03-26 00:00:00,2021-03-27 00:00:00,2021-03-28 00:00:00,2021-03-29 00:00:00,2021-03-30 00:00:00,2021-03-31 00:00:00,2021-04-01 00:00:00,2021-04-02 00:00:00,2021-04-03 00:00:00,2021-04-04 00:00:00,2021-04-05 00:00:00,2021-04-06 00:00:00,2021-04-07 00:00:00,2021-04-08 00:00:00,2021-04-09 00:00:00,2021-04-10 00:00:00,2021-04-11 00:00:00,2021-04-12 00:00:00,2021-04-13 00:00:00,2021-04-14 00:00:00,2021-04-15 00:00:00,2021-04-16 00:00:00,2021-04-17 00:00:00,2021-04-18 00:00:00,2021-04-19 00:00:00,2021-04-20 00:00:00,2021-04-21 00:00:00,2021-04-22 00:00:00,2021-04-23 00:00:00,2021-04-24 00:00:00,2021-04-25 00:00:00
Australia,0,0,0,0,0,0,0,0,0,0,0,0,0,0,0,0,0,0,0,0,0,0,0,0,0,0,0,0,0,0,0,0,0,0,0,0,0,0,0,1,1,1,2,2,2,2,3,3,3,3,3,3,3,3,3,5,6,6,7,7,7,7,8,8,13,13,14,16,17,18,20,24,28,30,35,40,45,50,51,54,57,60,61,62,63,63,66,67,67,67,67,67,75,79,80,83,83,89,91,93,93,94,95,96,97,97,97,97,97,97,97,98,98,98,98,98,99,99,100,100,101,101,102,102,102,103,103,103,103,103,103,103,103,103,103,103,103,103,103,103,103,103,103,103,103,103,103,103,103,103,103,103,103,103,104,104,104,104,104,104,104,104,104,104,104,106,106,106,106,106,107,108,108,108,111,113,116,118,122,123,126,128,133,139,145,155,161,167,176,189,196,201,208,221,232,247,255,266,278,295,313,331,352,361,375,379,396,421,438,450,463,472,485,502,517,525,549,572,583,600,611,652,657,663,678,737,748,753,762,770,781,788,797,803,810,816,816,824,832,837,844,849,851,854,859,861,869,870,872,875,882,886,888,890,893,894,894,895,897,897,897,897,898,898,899,904,904,904,904,904,905,905,905,905,905,905,905,905,905,907,907,907,907,907,907,907,907,907,907,907,907,907,907,907,907,907,907,907,907,907,907,907,907,907,907,907,907,907,907,907,907,907,908,908,908,908,908,908,908,908,908,908,908,908,908,908,908,908,908,908,908,908,908,908,908,908,908,908,908,908,909,909,909,909,909,909,909,909,909,909,909,909,909,909,909,909,909,909,909,909,909,909,909,909,909,909,909,909,909,909,909,909,909,909,909,909,909,909,909,909,909,909,909,909,909,909,909,909,909,909,909,909,909,909,909,909,909,909,909,909,909,909,909,909,909,909,909,909,909,909,909,909,909,909,909,909,909,909,909,909,909,909,909,909,909,909,909,909,909,909,909,909,909,909,909,909,909,909,909,909,909,909,909,909,909,909,910,910,910,910,910,910,910,910,910,910,910,910,910,910
Austria,0,0,0,0,0,0,0,0,0,0,0,0,0,0,0,0,0,0,0,0,0,0,0,0,0,0,0,0,0,0,0,0,0,0,0,0,0,0,0,0,0,0,0,0,0,0,0,0,0,0,1,1,1,1,3,3,4,6,6,8,16,21,28,30,49,58,68,86,108,128,146,158,168,186,204,220,243,273,295,319,337,350,368,384,393,410,431,443,452,470,491,510,522,530,536,542,549,569,580,584,589,596,598,600,606,608,609,614,615,618,620,623,624,626,628,629,629,629,632,633,633,635,639,640,641,643,645,668,668,668,668,668,669,670,670,672,672,672,672,672,673,674,675,677,677,678,681,687,688,688,688,690,690,693,693,698,698,700,702,703,705,705,705,705,705,706,706,706,706,706,706,706,708,708,709,710,711,711,711,711,711,711,711,711,711,712,712,713,713,716,718,718,718,718,718,719,719,719,720,721,721,723,723,724,725,725,728,728,729,729,729,729,730,732,732,733,733,733,733,733,733,733,733,734,734,735,735,735,736,746,747,747,748,750,754,756,757,757,758,758,763,765,766,767,771,777,783,786,787,787,790,796,799,802,803,809,813,818,822,830,838,842,852,852,855,861,872,877,882,889,893,904,914,925,941,954,965,979,992,1005,1027,1056,1082,1109,1130,1159,1192,1227,1268,1340,1377,1411,1454,1499,1564,1608,1661,1746,1829,1887,1945,2054,2116,2224,2328,2388,2459,2577,2667,2773,2886,3018,3105,3184,3325,3446,3538,3651,3757,3840,3897,4002,4056,4163,4289,4415,4473,4530,4648,4764,4982,5127,5209,5351,5435,5540,5654,5745,5783,5843,5881,5931,6059,6149,6222,6261,6275,6324,6357,6457,6525,6568,6641,6687,6723,6747,6819,6868,6921,6987,7053,7082,7122,7199,7237,7288,7330,7389,7418,7451,7515,7564,7607,7658,7703,7721,7778,7847,7902,7936,7973,7994,8012,8032,8071,8114,8138,8170,8195,8211,8221,8260,8290,8312,8348,8368,8386,8397,8434,8470,8493,8515,8538,8561,8574,8605,8625,8652,8669,8694,8713,8732,8757,8776,8798,8831,8856,8873,8892,8925,8956,8982,9024,9052,9074,9089,9121,9151,9178,9200,9231,9256,9275,9308,9339,9368,9397,9434,9449,9482,9517,9546,9586,9624,9662,9687,9706,9748,9779,9813,9843,9870,9898,9922,9959,9997,10026,10055,10070,10087
Belgium,0,0,0,0,0,0,0,0,0,0,0,0,0,0,0,0,0,0,0,0,0,0,0,0,0,0,0,0,0,0,0,0,0,0,0,0,0,0,0,0,0,0,0,0,0,0,0,0,0,3,3,3,4,4,5,10,14,21,37,67,75,88,122,178,220,289,353,431,513,705,828,1011,1143,1283,1447,1632,2035,2240,2523,3019,3346,3600,3903,4157,4440,4857,5163,5453,5683,5828,5998,6262,6490,6679,6917,7094,7207,7331,7501,7594,7703,7765,7844,7924,8016,8339,8415,8521,8581,8656,8707,8761,8843,8903,8959,9005,9052,9080,9108,9150,9186,9212,9237,9280,9312,9334,9364,9388,9430,9453,9467,9486,9505,9522,9548,9566,9580,9595,9606,9619,9629,9636,9646,9650,9655,9661,9663,9675,9683,9695,9696,9696,9696,9713,9722,9726,9731,9732,9732,9732,9747,9754,9761,9765,9771,9771,9774,9774,9776,9778,9781,9782,9782,9782,9787,9788,9795,9800,9800,9800,9805,9805,9808,9812,9817,9821,9821,9822,9833,9836,9840,9841,9845,9845,9850,9852,9859,9861,9866,9870,9872,9879,9885,9900,9916,9924,9935,9939,9944,9959,9969,9976,9985,9988,9992,9996,9996,9996,9996,9996,9996,9996,9996,9996,9996,9996,9996,9996,9996,9996,9996,9996,9996,9996,9996,9996,9996,9996,9996,9996,9996,9996,9996,9996,9996,9996,9996,9996,9996,9996,9996,10001,10016,10023,10037,10044,10064,10078,10092,10108,10126,10151,10175,10191,10211,10244,10278,10327,10359,10392,10413,10443,10489,10539,10588,10658,10737,10810,10899,11038,11170,11308,11452,11625,11737,11858,12126,12331,12520,12708,12907,13055,13216,13561,13758,13891,14106,14303,14421,14616,14839,15025,15196,15352,15522,15618,15755,15938,16077,16219,16339,16461,16547,16645,16786,16911,17033,17142,17254,17320,17386,17507,17603,17692,17692,17792,17951,18054,18178,18278,18371,18455,18545,18626,18697,18821,18939,19038,19089,19158,19200,19234,19361,19441,19528,19581,19644,19701,19750,19827,19883,19936,19992,20038,20078,20122,20194,20250,20294,20352,20396,20435,20472,20554,20572,20620,20675,20726,20779,20814,20879,20933,20982,21018,21066,21092,21124,21173,21216,21260,21295,21352,21389,21423,21472,21512,21551,21599,21634,21662,21702,21750,21793,21821,21859,21887,21903,21923,21956,21988,22006,22034,22052,22077,22106,22141,22169,22196,22215,22240,22261,22292,22327,22347,22370,22397,22421,22441,22545,22572,22600,22624,22650,22650,22707,22728,22763,22786,22816,22852,22870,22897,22921,22966,23016,23045,23083,23130,23169,23202,23247,23301,23348,23390,23428,23473,23503,23566,23603,23636,23681,23718,23747,23782,23834,23867,23909,23954,23990,24024
Canada,0,0,0,0,0,0,0,0,0,0,0,0,0,0,0,0,0,0,0,0,0,0,0,0,0,0,0,0,0,0,0,0,0,0,0,0,0,0,0,0,0,0,0,0,0,0,0,1,1,1,1,1,1,1,4,6,11,11,15,19,22,29,33,42,57,66,82,96,125,152,175,224,277,360,435,520,581,648,771,867,986,1095,1225,1361,1515,1718,1844,1987,2145,2291,2484,2679,2850,3030,3217,3374,3559,3756,4000,4179,4381,4529,4669,4911,5081,5240,5387,5540,5704,5822,5956,6107,6210,6331,6452,6571,6661,6753,6828,6950,7046,7144,7238,7326,7420,7512,7606,7717,7797,7857,7906,7952,8008,8062,8126,8166,8228,8269,8313,8347,8382,8413,8442,8470,8489,8497,8521,8542,8555,8580,8609,8626,8646,8670,8700,8723,8730,8739,8749,8768,8780,8790,8806,8813,8821,8823,8836,8843,8855,8865,8879,8882,8887,8895,8900,8914,8926,8936,8939,8943,8947,8954,8958,8966,8970,8974,8978,8991,9001,9006,9019,9025,9029,9032,9035,9043,9049,9055,9060,9064,9067,9074,9080,9085,9091,9095,9101,9106,9108,9118,9124,9127,9141,9142,9146,9154,9159,9164,9168,9181,9184,9185,9193,9197,9199,9205,9206,9207,9209,9212,9219,9223,9231,9231,9233,9236,9249,9257,9262,9267,9279,9286,9288,9300,9309,9317,9325,9332,9338,9343,9360,9373,9391,9407,9505,9526,9570,9599,9617,9636,9654,9668,9694,9708,9720,9752,9777,9796,9828,9836,9860,9891,9909,9946,9977,10004,10026,10057,10095,10120,10158,10192,10237,10276,10313,10345,10403,10444,10484,10546,10593,10641,10702,10769,10832,10905,10951,11013,11078,11152,11220,11324,11394,11461,11527,11583,11662,11762,11820,11902,11988,12056,12130,12239,12317,12423,12513,12616,12690,12775,12896,12993,13109,13227,13355,13453,13537,13677,13793,13911,14067,14180,14284,14374,14481,14607,14752,14902,14966,15051,15171,15328,15528,15650,15762,15806,15914,16006,16247,16389,16539,16704,16846,16984,17074,17199,17359,17539,17686,17856,17978,18106,18231,18382,18567,18706,18887,18992,19119,19245,19392,19485,19676,19825,19958,20041,20145,20242,20361,20486,20607,20700,20760,20830,20914,21007,21089,21168,21238,21261,21298,21395,21439,21509,21581,21631,21675,21720,21761,21810,21868,21915,21961,21990,22014,22043,22105,22152,22183,22212,22234,22271,22302,22330,22367,22397,22426,22455,22484,22509,22543,22577,22605,22635,22656,22695,22715,22739,22771,22809,22830,22855,22871,22892,22960,22998,23011,23038,23060,23083,23132,23160,23196,23236,23270,23294,23336,23370,23428,23482,23531,23572,23611,23649,23698,23761,23810,23870,23912,23950
Chile,0,0,0,0,0,0,0,0,0,0,0,0,0,0,0,0,0,0,0,0,0,0,0,0,0,0,0,0,0,0,0,0,0,0,0,0,0,0,0,0,0,0,0,0,0,0,0,0,0,0,0,0,0,0,0,0,0,0,0,0,1,2,2,3,4,5,6,7,8,12,16,18,22,27,34,37,43,48,57,65,73,80,82,92,94,105,116,126,133,139,147,160,168,174,181,189,198,207,216,227,234,247,260,270,275,281,285,294,304,312,323,335,346,368,394,421,450,478,509,544,589,630,673,718,761,806,841,890,944,997,1054,1113,1188,1275,1356,1448,1541,1637,2264,2283,2475,2648,2870,3101,3323,3362,3383,3615,3841,4093,4295,4479,4502,4505,4731,4903,5068,5347,5509,5575,5688,5753,5920,6051,6192,6308,6384,6434,6573,6682,6781,6881,6979,7024,7069,7186,7290,8347,8445,8503,8633,8677,8722,8838,8914,9020,9112,9187,9240,9278,9377,9457,9533,9608,9707,9745,9792,9889,9958,10011,10077,10139,10178,10205,10299,10340,10395,10452,10513,10546,10578,10671,10723,10792,10852,10916,10958,10990,11072,11132,11181,11244,11289,11321,11344,11422,11494,11551,11592,11652,11682,11702,11781,11850,11895,11949,12013,12040,12058,12142,12199,12254,12286,12298,12321,12345,12469,12527,12591,12641,12698,12725,12741,12822,12867,12919,12979,13037,13070,13090,13167,13220,13272,13318,13376,13396,13415,13434,13529,13588,13635,13676,13702,13719,13792,13844,13892,13944,14003,14026,14032,14118,14158,14207,14247,14302,14319,14340,14404,14450,14499,14543,14588,14611,14633,14699,14738,14777,14819,14863,14883,14897,14955,15003,15030,15069,15106,15131,15138,15235,15278,15322,15356,15410,15430,15438,15519,15558,15592,15628,15663,15680,15690,15774,15782,15846,15886,15931,15949,15959,16007,16051,16101,16154,16197,16217,16228,16303,16358,16404,16443,16443,16488,16499,16608,16660,16724,16767,16767,16788,16816,16913,16974,17037,17096,17162,17182,17204,17294,17369,17435,17477,17547,17573,17594,17702,17786,17854,17933,17999,18023,18040,18174,18257,18339,18452,18537,18559,18576,18731,18808,18895,18974,19056,19084,19105,19262,19345,19443,19541,19624,19644,19659,19798,19897,19974,20042,20126,20151,20173,20310,20400,20476,20572,20660,20684,20704,20838,20928,21008,21077,21163,21182,21206,21362,21451,21574,21674,21772,21789,21816,21988,22087,22180,22279,22359,22384,22402,22524,22587,22653,22754,23070,23107,23135,23328,23421,23524,23644,23677,23734,23796,23979,24108,24213,24346,24483,24518,24548,24766,24923,25055,25177,25277,25317,25353,25532,25641,25742,25856
Colombia,0,0,0,0,0,0,0,0,0,0,0,0,0,0,0,0,0,0,0,0,0,0,0,0,0,0,0,0,0,0,0,0,0,0,0,0,0,0,0,0,0,0,0,0,0,0,0,0,0,0,0,0,0,0,0,0,0,0,0,0,2,3,3,4,6,6,6,10,12,16,17,19,25,32,35,46,50,54,69,80,100,109,112,127,131,144,153,166,179,189,196,206,215,225,233,244,253,269,278,293,314,324,340,358,378,397,407,428,445,463,479,493,509,525,546,562,574,592,613,630,652,682,705,727,750,776,803,822,853,890,939,969,1009,1045,1087,1145,1205,1259,1308,1372,1433,1488,1545,1592,1667,1726,1801,1864,1950,2045,2126,2237,2310,2404,2491,2654,2811,2939,3178,3274,3334,3470,3641,3777,3942,4064,4210,4359,4527,4714,4925,5119,5307,5455,5625,5814,6029,6288,6516,6736,6929,7166,7373,7688,7975,8269,8525,8777,9074,9454,9810,10105,10330,10650,11017,11315,11624,11939,12250,12540,12842,13154,13475,13837,14145,14492,14810,15097,15372,15619,15979,16183,16568,16968,17316,17612,17889,18184,18467,18766,19063,19363,19662,20050,20345,20618,20888,21156,21412,21615,21817,22053,22275,22518,22734,22924,23123,23288,23478,23665,23665,24039,24208,24397,24397,24746,24746,25103,25296,25488,25641,25828,25998,26196,26397,26556,26712,26844,27017,27180,27180,27495,27660,27834,27985,28141,28306,28457,28616,28803,28970,29102,29272,29464,29637,29802,30000,30154,30348,30565,30753,30926,31135,31314,31515,31653,31847,32013,32209,32405,32595,32791,32974,33128,33312,33491,33669,33829,34031,34223,34381,34563,34761,34929,35104,35287,35479,35677,35860,36019,36214,36401,36584,36766,36934,37117,37305,37467,37633,37808,37995,38158,38308,38484,38669,38866,39053,39195,39356,39560,39787,40019,40268,40475,40680,40931,41174,41454,41690,41943,42171,42374,42620,42909,43213,43495,43765,43965,44187,44428,44723,45067,45431,45784,46114,46451,46782,47124,47491,47868,48256,48631,49004,49402,49792,50187,50586,50982,51374,51747,52128,52523,52913,53284,53650,53983,54272,54576,54877,55131,55403,55693,55993,56290,56507,56733,56983,57196,57425,57605,57786,57949,58134,58334,58511,58685,58834,58974,59118,59260,59396,59518,59660,59766,59866,59972,60082,60189,60300,60412,60503,60598,60676,60773,60858,60950,61046,61143,61243,61368,61498,61636,61771,61907,62028,62148,62274,62394,62519,62645,62790,62955,63079,63255,63422,63614,63777,63932,64094,64293,64524,64767,65014,65283,65608,65889,66156,66482,66819,67199,67564,67931,68328,68748,69177,69596,70026,70446,70886,71351
Czechia,0,0,0,0,0,0,0,0,0,0,0,0,0,0,0,0,0,0,0,0,0,0,0,0,0,0,0,0,0,0,0,0,0,0,0,0,0,0,0,0,0,0,0,0,0,0,0,0,0,0,0,0,0,0,0,0,0,0,0,0,1,1,3,6,9,9,11,16,23,31,39,44,53,59,67,78,88,99,112,119,129,138,143,161,166,169,173,181,186,194,201,208,210,214,218,220,223,227,227,236,240,245,248,252,257,262,270,273,276,280,282,283,290,293,295,296,298,298,302,304,306,312,314,315,317,317,317,319,319,319,320,321,323,325,326,327,327,327,328,328,330,330,330,330,330,330,331,333,334,335,336,336,336,339,343,345,349,349,349,349,349,349,353,353,353,353,353,353,353,353,353,353,353,353,355,355,355,358,358,359,359,360,364,365,369,369,371,373,374,374,379,382,383,384,386,386,388,390,390,390,390,390,391,391,391,394,395,397,399,401,404,406,411,411,412,415,416,418,418,419,421,423,424,425,425,426,429,431,436,437,441,444,448,450,453,456,465,476,482,489,495,499,503,522,531,555,567,581,591,606,618,636,655,678,699,711,727,758,794,829,869,905,948,987,1051,1106,1172,1230,1283,1352,1422,1513,1619,1739,1845,1971,2077,2201,2365,2547,2675,2862,3078,3251,3429,3654,3913,4133,4330,4484,4681,4858,5028,5323,5570,5755,5926,6058,6208,6416,6558,6740,6874,7021,7095,7196,7360,7499,7611,7779,7967,8054,8138,8295,8407,8515,8641,8738,8815,8902,8902,9036,9136,9226,9341,9450,9535,9609,9743,9882,10036,10163,10271,10331,10411,10562,10664,10776,10859,10950,11044,11152,11302,11429,11580,11711,11827,11960,12070,12257,12436,12621,12800,12978,13115,13272,13485,13656,13856,14029,14215,14338,14449,14646,14820,14973,15130,15270,15369,15453,15618,15791,15944,16072,16211,16308,16392,16545,16683,16826,16976,17129,17235,17333,17497,17642,17772,17902,18058,18143,18250,18430,18596,18739,18913,19097,19214,19330,19537,19682,19835,19999,20194,20339,20469,20701,20941,21128,21325,21558,21717,21882,22147,22385,22624,22865,23083,23226,23379,23657,23902,24117,24331,24530,24667,24810,25055,25258,25450,25639,25778,25874,26036,26222,26421,26586,26765,26867,26945,27057,27169,27329,27466,27617,27734,27808,27918,28038,28124,28229,28317,28396,28426,28532,28640,28711,28787,28863,28920,28962
Denmark,0,0,0,0,0,0,0,0,0,0,0,0,0,0,0,0,0,0,0,0,0,0,0,0,0,0,0,0,0,0,0,0,0,0,0,0,0,0,0,0,0,0,0,0,0,0,0,0,0,0,0,0,1,2,3,4,4,6,9,13,13,24,32,34,41,52,65,72,77,90,104,123,139,161,179,187,203,218,237,247,260,273,285,299,309,321,336,346,355,364,370,384,394,403,418,422,427,434,443,452,460,475,484,493,503,506,514,522,526,529,533,533,533,537,537,543,547,548,551,554,561,561,561,562,563,563,565,568,568,571,574,576,580,580,582,586,587,589,593,593,593,593,594,597,597,598,598,598,600,600,600,600,602,603,603,603,604,604,604,605,605,606,606,606,606,606,607,609,609,609,609,609,609,610,610,610,610,611,611,611,611,611,611,612,613,613,613,613,613,614,615,615,615,615,616,616,616,617,617,617,617,620,621,621,621,621,621,621,621,621,621,621,621,622,622,623,623,623,624,624,624,624,624,625,626,626,627,627,627,628,628,628,629,629,630,631,633,633,633,635,635,635,638,640,641,643,645,647,648,649,649,650,650,651,652,654,658,659,663,663,665,665,667,669,671,674,675,677,677,679,680,686,688,690,694,697,700,702,708,709,715,716,719,721,723,724,728,729,733,738,740,743,747,750,753,755,756,757,760,764,768,770,773,778,781,784,789,797,802,811,816,823,829,837,846,852,858,867,878,885,894,901,904,918,927,935,941,950,961,975,992,1007,1019,1035,1053,1070,1096,1114,1134,1153,1174,1204,1226,1256,1298,1322,1345,1374,1389,1420,1451,1488,1518,1543,1571,1598,1624,1661,1661,1721,1748,1776,1806,1838,1873,1910,1942,1970,1984,2011,2031,2051,2072,2085,2107,2126,2146,2161,2171,2185,2202,2216,2217,2217,2245,2256,2270,2281,2285,2293,2302,2309,2317,2320,2328,2334,2339,2344,2344,2346,2352,2354,2359,2362,2366,2368,2371,2375,2378,2378,2380,2382,2382,2383,2385,2388,2391,2392,2394,2396,2397,2398,2398,2400,2401,2403,2404,2405,2410,2412,2414,2415,2416,2418,2420,2424,2425,2429,2430,2431,2433,2436,2437,2437,2440,2442,2444,2447,2448,2450,2453,2453,2456,2460,2464,2466,2468,2473,2475,2476
Estonia,0,0,0,0,0,0,0,0,0,0,0,0,0,0,0,0,0,0,0,0,0,0,0,0,0,0,0,0,0,0,0,0,0,0,0,0,0,0,0,0,0,0,0,0,0,0,0,0,0,0,0,0,0,0,0,0,0,0,0,0,0,0,0,1,1,1,1,3,3,4,5,11,12,13,15,19,21,24,24,24,24,25,28,31,35,36,38,38,40,40,43,44,45,46,46,49,50,50,50,52,52,53,55,55,55,55,56,56,60,60,61,61,61,62,63,63,63,64,64,64,64,64,64,64,65,65,66,66,67,67,68,68,68,69,69,69,69,69,69,69,69,69,69,69,69,69,69,69,69,69,69,69,69,69,69,69,69,69,69,69,69,69,69,69,69,69,69,69,69,69,69,69,69,69,69,69,69,69,69,69,69,69,69,69,69,69,69,69,69,69,69,69,69,69,69,69,69,69,69,69,69,69,69,69,69,69,69,69,69,69,69,69,69,69,69,69,69,69,69,69,69,69,69,69,69,69,69,69,69,69,69,69,69,69,69,69,69,69,69,69,69,69,69,69,69,69,69,69,69,69,69,69,69,69,69,69,69,69,69,69,69,69,69,69,69,69,69,69,69,69,69,69,71,71,71,73,73,73,73,73,73,73,73,73,73,73,73,73,73,73,73,75,76,76,76,76,80,80,81,81,84,85,86,87,87,88,92,94,97,99,104,109,112,118,121,122,123,125,126,131,134,137,139,141,142,148,149,154,157,160,164,168,170,174,181,187,192,195,202,204,204,213,221,226,229,234,241,244,251,258,261,265,270,278,283,287,292,301,311,316,320,325,333,344,349,354,358,368,376,383,392,398,406,409,411,419,422,424,433,443,447,456,461,466,474,477,480,486,491,495,501,508,510,514,518,528,535,540,553,557,567,575,584,589,598,605,615,623,637,644,653,667,669,677,686,695,710,719,728,739,745,758,769,780,787,797,809,823,836,847,860,868,879,896,902,908,922,931,941,950,964,976,990,1006,1020,1028,1037,1049,1057,1064,1070,1082,1092,1100,1104,1109,1120,1126,1137,1143
Finland,0,0,0,0,0,0,0,0,0,0,0,0,0,0,0,0,0,0,0,0,0,0,0,0,0,0,0,0,0,0,0,0,0,0,0,0,0,0,0,0,0,0,0,0,0,0,0,0,0,0,0,0,0,0,0,0,0,0,0,1,1,1,1,3,5,7,9,11,13,17,17,19,20,25,28,28,34,40,42,48,49,56,59,64,72,75,82,90,94,98,141,149,172,177,186,190,193,199,206,211,218,220,230,240,246,252,255,260,265,267,271,275,284,287,293,297,298,300,301,304,306,306,306,307,308,312,313,313,314,316,320,320,320,321,322,322,322,323,323,324,324,325,325,325,326,326,326,326,326,326,326,326,327,327,327,327,328,328,328,328,328,328,328,329,329,329,329,329,329,329,329,329,329,329,329,329,329,329,329,329,329,329,329,329,329,329,329,329,329,329,329,329,329,329,329,331,331,331,331,331,331,333,333,333,333,333,333,333,334,334,334,334,334,334,334,335,335,335,335,335,335,335,336,336,336,336,336,336,336,336,336,337,337,337,337,337,337,339,339,339,339,339,339,341,341,343,343,343,343,343,345,345,345,345,345,345,345,346,346,346,346,346,346,346,346,346,350,350,351,351,351,351,351,355,355,355,355,355,355,355,355,355,358,358,358,359,359,361,361,362,362,362,363,363,365,365,369,369,369,371,371,374,374,375,375,375,384,384,388,388,393,393,393,399,399,408,408,408,415,415,424,424,433,442,453,453,453,461,466,472,484,489,489,489,506,511,524,524,524,524,524,546,550,556,561,561,561,561,565,576,576,584,586,586,586,597,602,602,616,618,618,618,618,621,632,632,644,644,644,655,655,660,664,671,671,671,677,684,685,688,688,688,688,688,703,703,708,710,710,710,716,720,723,725,725,726,726,733,734,737,740,742,742,742,750,755,759,764,767,767,767,774,776,776,776,786,786,786,800,801,804,805,805,805,805,808,808,809,815,817,817,817,822,826,844,846,846,846,846,846,860,862,866,868,868,868,874,877,881,885,887,887,887,891,893,899,902,903,903,903
France,0,0,0,0,0,0,0,0,0,0,0,0,0,0,0,0,0,0,0,0,0,0,0,0,1,1,1,1,1,1,1,1,1,1,1,2,2,2,2,2,3,4,4,7,9,16,19,25,33,48,48,79,91,91,149,149,149,244,451,563,676,862,1102,1333,1697,1996,2314,2608,3026,3526,4778,5387,6509,7562,8081,8914,10330,10874,12214,13199,13835,14396,14969,15712,17150,17903,18664,19305,19694,20241,20769,21313,21829,22219,22588,22830,23267,23634,24060,24349,24566,24763,24898,25204,25537,25812,25991,26233,26313,26383,26646,26994,27079,27430,27532,27630,28113,28242,28242,28242,28242,28366,28452,28452,28461,28598,28599,28666,28717,28774,28805,28837,28943,29024,29069,29114,29145,29158,29213,29301,29322,29349,29377,29401,29411,29439,29553,29578,29606,29620,29638,29644,29668,29722,29735,29754,29780,29781,29781,29816,29846,29865,29878,29896,29896,29896,29925,29936,29967,29983,30009,30012,30012,30035,30037,30125,30142,30155,30158,30158,30182,30182,30182,30186,30196,30196,30196,30214,30227,30241,30257,30268,30268,30268,30298,30300,30311,30315,30328,30329,30329,30344,30358,30376,30393,30412,30413,30414,30434,30456,30474,30485,30509,30518,30518,30534,30553,30553,30588,30606,30612,30615,30646,30673,30700,30717,30717,30717,30717,30735,30773,30805,30824,30906,30924,30929,30963,31013,31061,31108,31262,31287,31298,31351,31430,31478,31524,31675,31714,31741,31825,31898,31978,32035,32171,32196,32228,32299,32386,32466,32539,32649,32684,32730,32827,32955,33061,33146,33325,33398,33483,33631,33912,34080,34234,34534,34670,34670,35038,35567,35826,36058,36605,36827,37058,37486,38765,38765,39088,39917,40220,40490,41050,42281,42609,43024,43957,44310,44613,45124,46350,46781,47198,48339,48591,48805,49311,50322,50710,51041,52000,52212,52410,52819,53596,53907,54231,54861,55073,55247,55613,56451,56748,57044,57672,57865,58015,58391,59182,59472,59733,60345,60534,60665,61019,61821,62098,62389,62548,62694,62867,63235,64204,64508,64759,64892,65048,65164,65549,66417,66699,66975,67566,67734,67885,68197,68939,69168,69452,70088,70281,70422,70826,71482,71792,72139,72788,73018,73190,73636,74250,74600,74944,75765,76006,76201,76657,77383,77741,77741,78749,78940,79111,79571,80295,80591,80951,81596,81795,81962,82374,82961,83271,83542,84114,84271,84430,84764,85195,85473,85734,86273,86458,86580,86955,87373,87695,87988,88427,88597,88727,89090,89455,89707,89984,90207,90376,90583,90924,91324,91411,91833,92118,92295,92433,92776,93064,93310,93535,94432,94623,94754,95114,95495,95798,96106,96438,96439,96808,97005,97431,97444,98196,98202,98213,98909,99294,99639,99936,100232,100563,100752,100892,101339,101713,102046,102323,102655,102872,103017
Germany,0,0,0,0,0,0,0,0,0,0,0,0,0,0,0,0,0,0,0,0,0,0,0,0,0,0,0,0,0,0,0,0,0,0,0,0,0,0,0,0,0,0,0,0,0,0,0,2,2,3,3,7,9,11,17,24,28,44,67,84,94,123,157,206,267,342,433,533,645,775,920,1107,1275,1444,1584,1810,2016,2349,2607,2767,2767,3022,3194,3294,3804,4052,4352,4459,4586,4862,5033,5279,5575,5760,5877,5976,6126,6314,6467,6623,6736,6812,6866,6993,6993,7275,7392,7510,7549,7569,7661,7738,7861,7884,7897,7938,7962,8003,8081,8144,8203,8228,8261,8283,8309,8372,8428,8470,8504,8530,8540,8555,8563,8602,8635,8658,8673,8685,8695,8736,8752,8772,8783,8793,8801,8807,8820,8851,8875,8887,8895,8895,8899,8914,8928,8940,8965,8968,8968,8976,8990,8995,9006,9010,9020,9023,9023,9032,9046,9057,9063,9070,9071,9074,9078,9080,9087,9088,9091,9092,9094,9099,9102,9110,9120,9124,9124,9125,9131,9135,9144,9147,9154,9154,9154,9163,9179,9181,9195,9201,9202,9203,9208,9213,9217,9230,9235,9235,9236,9241,9249,9263,9266,9272,9275,9276,9281,9285,9290,9290,9299,9300,9303,9307,9322,9322,9327,9329,9330,9331,9336,9342,9345,9348,9352,9354,9356,9367,9373,9376,9386,9388,9390,9390,9405,9423,9436,9451,9459,9464,9468,9483,9495,9509,9518,9531,9533,9554,9566,9582,9594,9599,9620,9626,9640,9682,9716,9739,9773,9785,9798,9842,9882,9911,9960,9978,10035,10062,10091,10121,10218,10305,10391,10483,10513,10669,10717,10949,11110,11240,11306,11372,11408,11781,11994,12216,12404,12511,12573,12833,13138,13390,13662,13918,14061,14159,14460,14832,15210,15640,16011,16181,16306,16694,17177,17659,18097,18577,18839,18989,19434,20002,20460,21064,21567,21900,22106,22634,23544,24273,25027,25754,26171,26400,27110,28096,28909,29330,29580,29946,30297,31145,32267,33230,33791,34145,34480,34791,35748,36757,37835,38987,40022,40597,40936,41799,42889,44096,45207,45705,46464,46901,47263,48997,50010,50876,51713,51873,52296,53127,53619,54498,55883,56286,57105,57163,58059,58992,59776,60634,61324,61551,61708,62191,63006,63672,64224,64771,64990,65107,65288,65829,66732,67245,67741,67883,67946,68363,68785,69170,69343,69939,70092,70152,70514,70926,71285,71554,71852,71951,71984,72236,72534,72858,73120,73348,73369,73463,73701,73952,74043,74402,74608,74706,74756,75009,75255,75484,75669,75828,75915,75959,76139,76389,76589,76823,76940,77010,77060,77136,77245,77755,78049,78295,78402,78500,78796,79137,79427,79672,79894,79971,80052,80353,80680,80938,81203,81492,81610,81671
Greece,0,0,0,0,0,0,0,0,0,0,0,0,0,0,0,0,0,0,0,0,0,0,0,0,0,0,0,0,0,0,0,0,0,0,0,0,0,0,0,0,0,0,0,0,0,0,0,0,0,1,1,1,3,4,4,5,5,6,6,13,15,17,20,22,26,28,32,38,43,49,50,53,63,68,73,79,81,83,87,92,93,98,99,101,102,105,108,110,113,116,121,121,125,130,130,134,136,138,139,140,140,143,144,146,146,147,148,150,151,151,151,152,155,156,160,162,163,165,165,166,168,169,171,171,172,173,173,175,175,175,175,179,179,179,180,180,180,180,182,183,183,183,183,183,183,184,185,187,188,189,190,190,190,190,190,191,191,191,191,191,192,192,192,192,192,192,192,193,193,193,193,193,193,193,193,193,193,194,194,194,195,197,200,201,201,201,202,202,203,203,203,206,206,208,209,209,210,210,210,211,212,213,214,216,221,223,226,228,230,232,235,235,238,240,242,242,243,248,254,259,260,262,266,271,273,278,279,280,284,289,290,293,297,300,302,305,310,313,316,325,327,331,338,344,352,357,366,369,376,379,383,388,391,393,398,405,409,417,420,424,430,431,436,449,456,462,469,482,490,500,509,520,528,534,549,559,564,574,581,593,603,615,620,626,635,642,655,673,702,715,749,784,825,866,909,959,997,1035,1106,1165,1228,1288,1347,1419,1527,1630,1714,1815,1902,2001,2102,2223,2321,2406,2517,2606,2706,2804,2902,3003,3092,3194,3289,3370,3472,3540,3625,3687,3785,3870,3948,4044,4102,4172,4257,4340,4402,4457,4507,4553,4606,4672,4730,4788,4838,4881,4921,4957,5011,5051,5099,5146,5195,5227,5263,5302,5329,5354,5387,5421,5441,5469,5488,5518,5545,5570,5598,5622,5646,5671,5692,5724,5742,5764,5779,5796,5829,5851,5878,5903,5922,5951,5972,5997,6017,6034,6056,6077,6103,6126,6152,6181,6194,6221,6249,6272,6297,6321,6343,6371,6410,6439,6468,6504,6534,6557,6597,6632,6664,6705,6758,6797,6843,6886,6937,6986,7038,7091,7137,7196,7252,7297,7361,7421,7462,7531,7582,7649,7701,7754,7826,7880,7945,8017,8093,8160,8232,8302,8380,8453,8532,8607,8680,8758,8833,8885,8961,9054,9135,9239,9330,9397,9462,9540,9627,9713,9788,9864,9950,10007
Hungary,0,0,0,0,0,0,0,0,0,0,0,0,0,0,0,0,0,0,0,0,0,0,0,0,0,0,0,0,0,0,0,0,0,0,0,0,0,0,0,0,0,0,0,0,0,0,0,0,0,0,0,0,0,1,1,1,1,1,3,4,6,7,9,10,10,10,11,13,15,16,20,21,26,32,34,38,47,58,66,77,85,99,109,122,134,142,156,172,189,199,213,225,239,262,262,272,280,291,300,312,323,335,340,351,363,373,383,392,405,413,421,425,430,436,442,448,451,462,467,470,473,476,482,486,491,499,505,509,517,524,526,527,532,534,539,542,545,546,548,550,551,553,555,559,562,563,565,567,568,568,570,570,572,573,576,577,578,578,581,585,585,586,587,588,589,589,589,589,589,591,593,595,595,595,595,595,595,595,596,596,596,596,596,596,596,596,596,596,596,596,596,596,597,597,597,598,599,600,602,602,602,605,605,605,607,607,607,608,608,609,609,609,611,611,613,613,614,614,614,614,614,614,615,616,619,620,621,624,624,625,626,628,630,631,633,637,642,646,654,663,669,675,683,686,694,702,709,718,730,736,749,757,765,781,798,812,822,833,853,877,898,913,933,954,968,996,1023,1052,1085,1109,1142,1173,1211,1259,1305,1352,1390,1425,1472,1535,1578,1634,1699,1750,1819,1889,1973,2063,2147,2250,2357,2438,2493,2596,2697,2784,2883,2990,3097,3190,3281,3380,3472,3568,3689,3800,3891,4008,4114,4229,4364,4516,4672,4823,4977,5142,5324,5513,5706,5868,5984,6120,6280,6451,6622,6784,6965,7130,7237,7381,7538,7725,7914,8099,8282,8462,8616,8729,8833,8951,9047,9161,9292,9429,9537,9667,9781,9884,9977,10080,10198,10325,10440,10554,10648,10725,10853,10948,11066,11177,11264,11341,11409,11520,11615,11713,11811,11904,11968,12024,12113,12198,12291,12374,12463,12524,12578,12656,12739,12832,12930,13026,13090,13155,13249,13347,13444,13543,13636,13706,13752,13837,13931,14035,14145,14252,14299,14347,14450,14552,14672,14795,14902,14974,15058,15188,15324,15476,15619,15765,15873,15988,16146,16325,16497,16627,16790,16952,17083,17226,17421,17628,17841,18068,18262,18451,18703,18952,19224,19499,19752,19972,20161,20435,20737,20995,21262,21504,21715,21928,22098,22409,22681,22966,23211,23417,23708,23980,24265,24521,24762,24979,25184,25381,25580,25787,26001,26208,26420,26625
Iceland,0,0,0,0,0,0,0,0,0,0,0,0,0,0,0,0,0,0,0,0,0,0,0,0,0,0,0,0,0,0,0,0,0,0,0,0,0,0,0,0,0,0,0,0,0,0,0,0,0,0,0,0,0,5,5,5,5,5,5,5,5,5,5,5,5,5,5,5,5,5,5,5,5,5,5,6,6,6,6,7,8,8,8,8,8,8,9,9,9,10,10,10,10,10,10,10,10,10,10,10,10,10,10,10,10,10,10,10,10,10,10,10,10,10,10,10,10,10,10,10,10,10,10,10,10,10,10,10,10,10,10,10,10,10,10,10,10,10,10,10,10,10,10,10,10,10,10,10,10,10,10,10,10,10,10,10,10,10,10,10,10,10,10,10,10,10,10,10,10,10,10,10,10,10,10,10,10,10,10,10,10,10,10,10,10,10,10,10,10,10,10,10,10,10,10,10,10,10,10,10,10,10,10,10,10,10,10,10,10,10,10,10,10,10,10,10,10,10,10,10,10,10,10,10,10,10,10,10,10,10,10,10,10,10,10,10,10,10,10,10,10,10,10,10,10,10,10,10,10,10,10,10,10,10,10,10,10,10,10,10,10,10,10,10,10,10,10,10,11,11,11,11,11,11,11,11,11,11,11,11,12,12,12,12,12,12,17,17,18,18,18,20,23,24,24,25,25,25,25,25,25,25,25,26,26,26,26,26,26,26,26,26,26,26,27,27,27,27,27,27,27,28,28,28,28,28,28,28,28,28,28,28,28,28,28,28,28,28,28,28,28,28,29,29,29,29,29,29,29,29,29,29,29,29,29,29,29,29,29,29,29,29,29,29,29,29,29,29,29,29,29,29,29,29,29,29,29,29,29,29,29,29,29,29,29,29,29,29,29,29,29,29,29,29,29,29,29,29,29,29,29,29,29,29,29,29,29,29,29,29,29,29,29,29,29,29,29,29,29,29,29,29,29,29,29,29,29,29,29,29,29,29,29,29,29,29,29,29,29,29,29,29,29,29,29,29,29,29,29,29,29,29,29,29,29,29,29,29,29,29
Ireland,0,0,0,0,0,0,0,0,0,0,0,0,0,0,0,0,0,0,0,0,0,0,0,0,0,0,0,0,0,0,0,0,0,0,0,0,0,0,0,0,0,0,0,0,0,0,0,0,0,1,1,1,2,2,2,2,2,3,3,3,4,6,7,9,19,22,36,46,54,71,85,98,120,137,158,174,210,235,263,287,320,334,365,406,444,486,530,571,610,687,730,769,794,1014,1063,1087,1102,1159,1190,1232,1265,1286,1303,1319,1339,1375,1403,1429,1446,1458,1467,1488,1497,1506,1518,1533,1543,1547,1561,1571,1583,1592,1604,1608,1608,1615,1631,1639,1645,1651,1652,1652,1658,1659,1664,1670,1678,1679,1683,1691,1695,1703,1705,1705,1706,1706,1709,1710,1714,1714,1715,1715,1717,1720,1726,1727,1730,1734,1735,1735,1736,1738,1738,1740,1741,1741,1741,1742,1742,1743,1744,1746,1746,1746,1746,1748,1749,1752,1753,1753,1753,1753,1754,1763,1763,1764,1764,1764,1764,1764,1764,1764,1764,1764,1764,1764,1764,1768,1772,1772,1772,1772,1773,1774,1774,1774,1774,1774,1774,1775,1775,1776,1776,1777,1777,1777,1777,1777,1777,1777,1777,1777,1777,1777,1777,1777,1777,1777,1777,1777,1778,1781,1781,1781,1783,1784,1784,1787,1788,1789,1792,1792,1792,1792,1792,1794,1797,1797,1802,1802,1802,1803,1804,1806,1806,1810,1810,1810,1811,1816,1817,1821,1824,1826,1827,1830,1835,1838,1841,1849,1852,1852,1865,1868,1871,1878,1882,1882,1885,1890,1896,1902,1908,1913,1915,1917,1922,1930,1933,1940,1945,1947,1948,1963,1965,1965,1972,1978,1979,1984,1995,2006,2010,2018,2022,2023,2023,2028,2033,2036,2043,2050,2052,2053,2069,2074,2080,2086,2099,2099,2099,2099,2102,2117,2120,2123,2124,2126,2134,2140,2143,2149,2154,2158,2158,2171,2184,2192,2194,2200,2204,2205,2213,2226,2237,2248,2252,2259,2265,2282,2299,2307,2327,2336,2344,2352,2397,2460,2488,2536,2595,2608,2616,2708,2768,2818,2870,2947,2970,2977,3066,3120,3167,3214,3292,3307,3317,3418,3512,3586,3621,3674,3686,3687,3752,3794,3846,3865,3931,3948,3948,3980,4036,4082,4109,4135,4136,4137,4181,4237,4271,4300,4313,4319,4319,4333,4357,4396,4405,4419,4422,4422,4452,4499,4509,4518,4534,4534,4534,4552,4566,4566,4576,4585,4587,4588,4610,4628,4631,4651,4653,4666,4667,4681,4687,4705,4713,4715,4718,4718,4727,4732,4737,4769,4783,4785,4785,4803,4812,4820,4831,4835,4836,4836,4847,4856,4866,4867,4872,4873
Israel,0,0,0,0,0,0,0,0,0,0,0,0,0,0,0,0,0,0,0,0,0,0,0,0,0,0,0,0,0,0,0,0,0,0,0,0,0,0,0,0,0,0,0,0,0,0,0,0,0,0,0,0,0,0,0,0,0,0,1,1,1,1,4,5,10,12,13,16,17,21,29,38,43,49,56,64,72,80,89,97,103,109,118,126,139,146,155,166,174,180,189,192,196,199,202,204,208,213,219,225,229,232,235,238,240,241,242,248,251,255,260,263,266,268,268,271,275,278,280,281,281,281,281,282,284,284,286,287,287,287,287,290,292,293,293,294,298,300,300,301,302,302,302,303,305,305,306,306,306,307,308,308,309,311,314,318,321,324,326,326,327,330,331,334,339,341,349,354,359,364,368,373,380,384,391,397,406,418,426,436,448,457,463,479,487,494,505,512,520,535,550,564,578,589,604,615,625,634,646,659,666,681,692,707,723,735,745,764,768,782,794,806,819,829,842,858,877,888,899,911,916,930,953,968,982,998,1010,1025,1037,1054,1074,1089,1103,1123,1138,1155,1175,1191,1217,1235,1255,1282,1303,1334,1360,1385,1416,1446,1471,1503,1532,1567,1604,1650,1675,1712,1748,1775,1820,1846,1893,1933,1968,2014,2044,2082,2117,2148,2182,2214,2247,2278,2298,2323,2352,2378,2405,2440,2468,2496,2506,2525,2536,2561,2580,2596,2622,2639,2652,2668,2676,2683,2689,2699,2706,2718,2723,2735,2744,2751,2763,2770,2778,2784,2796,2813,2820,2826,2831,2840,2846,2856,2864,2872,2882,2886,2895,2896,2909,2917,2924,2932,2934,2961,2969,2983,2999,3004,3014,3034,3050,3057,3074,3099,3111,3136,3150,3171,3186,3210,3226,3256,3292,3307,3325,3356,3392,3416,3445,3496,3529,3552,3596,3645,3671,3704,3771,3817,3870,3910,3959,4005,4044,4080,4181,4245,4266,4341,4419,4498,4513,4605,4669,4700,4738,4796,4816,4887,4948,5001,5020,5071,5121,5171,5216,5257,5283,5304,5351,5388,5414,5441,5473,5509,5526,5526,5577,5596,5634,5660,5687,5697,5732,5752,5760,5790,5803,5822,5834,5856,5891,5917,5933,5950,5967,5980,5988,6011,6030,6048,6057,6069,6073,6082,6092,6109,6122,6154,6163,6165,6165,6185,6197,6197,6209,6220,6220,6236,6243,6248,6257,6266,6279,6280,6292,6296,6304,6309,6312,6315,6316,6331,6335,6341,6345,6346,6346,6346,6350,6352
Italy,0,0,0,0,0,0,0,0,0,0,0,0,0,0,0,0,0,0,0,0,0,0,0,0,0,0,0,0,0,0,1,2,3,7,10,12,17,21,29,34,52,79,107,148,197,233,366,463,631,827,1016,1266,1441,1809,2158,2503,2978,3405,4032,4825,5476,6077,6820,7503,8215,9134,10023,10779,11591,12428,13155,13915,14681,15362,15887,16523,17127,17669,18279,18849,19468,19899,20465,21067,21645,22170,22745,23227,23660,24114,24648,25085,25549,25969,26384,26644,26977,27359,27682,27967,28236,28710,28884,29079,29315,29684,29958,30201,30395,30560,30739,30911,31106,31368,31610,31763,31908,32007,32169,32330,32486,32616,32735,32785,32877,32955,33072,33142,33229,33340,33415,33475,33530,33601,33689,33774,33846,33899,33964,34043,34114,34167,34223,34301,34345,34371,34405,34448,34514,34561,34610,34634,34657,34675,34675,34678,34708,34716,34738,34744,34767,34788,34818,34833,34854,34861,34869,34899,34914,34926,34938,34945,34954,34967,34984,34997,35017,35028,35042,35045,35058,35073,35082,35092,35097,35102,35107,35112,35123,35129,35132,35141,35146,35154,35166,35171,35181,35187,35190,35203,35205,35209,35215,35225,35231,35234,35392,35396,35400,35405,35412,35418,35427,35430,35437,35441,35445,35458,35463,35472,35473,35477,35483,35491,35497,35507,35518,35534,35541,35553,35563,35577,35587,35597,35603,35610,35624,35633,35645,35658,35668,35692,35707,35724,35738,35758,35781,35801,35818,35835,35851,35875,35894,35918,35941,35968,35986,36002,36030,36061,36083,36111,36140,36166,36205,36246,36289,36372,36427,36474,36543,36616,36705,36832,36968,37059,37210,37338,37479,37700,37905,38122,38321,38618,38826,39059,39412,39764,40192,40638,41063,41394,41750,42330,42953,43589,44139,44683,45229,45733,46464,47217,47870,48569,49261,49823,50453,51306,52028,52850,53677,54363,54904,55576,56361,57045,58038,58852,59514,60078,60606,61240,61739,62626,63387,64036,64520,65011,65857,66537,67220,67894,68447,68799,69214,69842,70395,70900,71359,71620,71925,72370,73029,73604,74159,74621,74985,75332,75680,76329,76877,77291,77911,78394,78755,79203,79819,80326,80848,81325,81800,82177,82554,83157,83681,84202,84674,85162,85461,85881,86422,86889,87381,87858,88279,88516,88845,89344,89820,90241,90618,91003,91273,91580,92002,92338,92729,93045,93356,93577,93835,94171,94540,94887,95235,95486,95718,95992,96348,96666,96974,97227,97507,97699,97945,98288,98635,98974,99271,99578,99785,100103,100479,100811,101184,101564,101881,102145,102499,103001,103432,103855,104241,104642,104942,105328,105879,106339,106799,107256,107636,107933,108350,108879,109346,109847,110328,110704,111030,111326,111747,112374,112861,113579,113923,114254,114612,115088,115557,115937,116366,116676,116927,117243,117633,117997,118357,118699,119021,119238
Japan,0,0,0,0,0,0,0,0,0,0,0,0,0,0,0,0,0,0,0,0,0,0,1,1,1,1,1,2,2,2,2,2,2,2,3,3,4,5,6,6,6,6,7,7,7,7,8,10,13,15,19,21,22,24,30,30,32,33,34,36,40,41,42,45,47,53,56,63,65,67,72,75,81,87,93,96,98,105,113,125,138,147,156,170,186,204,217,236,255,275,303,323,351,360,379,395,417,436,454,481,510,536,560,582,593,605,617,634,654,666,685,707,726,742,760,778,787,796,805,818,826,836,845,852,857,863,870,881,887,894,898,899,902,905,911,916,916,917,920,920,922,922,924,927,927,929,934,935,935,951,955,955,955,965,967,971,971,971,972,972,972,976,977,977,977,977,978,981,982,982,982,982,983,984,984,984,985,985,986,986,988,988,990,992,994,996,998,998,1001,1001,1007,1008,1012,1013,1018,1023,1028,1034,1042,1042,1047,1052,1058,1066,1073,1080,1093,1103,1112,1135,1148,1157,1175,1179,1188,1201,1219,1230,1241,1251,1271,1285,1298,1313,1327,1334,1352,1361,1366,1377,1398,1412,1416,1428,1441,1448,1455,1463,1481,1490,1500,1504,1508,1518,1519,1525,1540,1544,1547,1549,1561,1568,1575,1580,1591,1594,1598,1602,1609,1614,1617,1623,1626,1628,1631,1635,1646,1650,1664,1670,1672,1676,1679,1686,1697,1706,1710,1716,1721,1726,1731,1748,1756,1769,1776,1787,1794,1799,1806,1810,1815,1821,1834,1840,1847,1854,1864,1865,1874,1883,1895,1908,1920,1930,1932,1943,1949,1963,1983,1996,2028,2042,2057,2076,2109,2141,2174,2210,2229,2259,2299,2334,2376,2395,2446,2462,2481,2530,2581,2623,2661,2709,2749,2784,2833,2877,2941,2967,3016,3062,3100,3152,3196,3243,3292,3540,3571,3631,3679,3755,3820,3884,3962,4021,4066,4114,4178,4275,4341,4419,4475,4524,4582,4686,4778,4872,4980,5063,5119,5193,5297,5387,5500,5597,5688,5753,5833,5952,6068,6172,6278,6372,6424,6507,6602,6723,6800,6863,6928,6966,7038,7139,7218,7294,7360,7438,7485,7541,7595,7664,7738,7818,7859,7889,7940,8005,8068,8135,8190,8196,8255,8301,8359,8412,8457,8515,8566,8587,8625,8682,8718,8750,8783,8802,8821,8857,8908,8929,8956,8989,9021,9050,9079,9112,9155,9173,9191,9198,9210,9229,9251,9286,9311,9325,9352,9369,9393,9422,9471,9506,9552,9593,9610,9629,9682,9737,9778,9834,9890,9939
"Korea, South",0,0,0,0,0,0,0,0,0,0,0,0,0,0,0,0,0,0,0,0,0,0,0,0,0,0,0,0,0,1,2,2,6,8,10,12,13,13,16,17,28,28,35,35,42,44,50,53,54,60,66,66,72,75,75,81,84,91,94,102,111,111,120,126,131,139,144,152,158,162,165,169,174,177,183,186,192,200,204,208,211,214,217,222,225,229,230,232,234,236,237,238,240,240,242,243,244,246,247,248,250,250,252,254,255,256,256,256,256,256,258,259,260,260,262,262,263,263,263,264,264,266,266,267,269,269,269,269,269,270,271,272,273,273,273,273,273,273,274,276,276,277,277,277,277,278,279,280,280,280,280,280,281,281,282,282,282,282,282,282,282,282,282,283,283,284,285,285,287,288,288,289,289,289,289,291,293,294,295,296,296,297,297,298,298,298,299,300,300,300,301,301,301,301,301,302,302,303,304,305,305,305,305,305,305,305,305,305,306,306,307,309,309,309,309,310,312,313,316,321,323,324,324,326,329,331,333,334,336,341,344,346,350,355,358,363,367,367,372,377,378,383,385,388,388,393,395,399,401,406,407,413,415,416,420,421,422,422,425,427,428,430,432,433,434,438,439,441,443,444,444,447,450,453,455,457,457,457,460,461,462,463,464,466,468,472,474,475,476,477,478,480,485,487,487,488,492,493,494,494,496,498,501,503,505,509,510,513,515,516,522,523,526,526,526,529,536,540,545,549,552,556,564,572,578,580,587,600,612,634,645,659,674,698,722,739,756,773,793,808,819,859,879,900,917,942,962,981,1007,1027,1046,1081,1100,1125,1140,1165,1185,1195,1217,1236,1249,1264,1283,1300,1316,1328,1337,1349,1360,1371,1378,1386,1399,1414,1420,1425,1435,1441,1448,1459,1464,1471,1474,1482,1486,1496,1507,1514,1522,1527,1534,1538,1544,1550,1553,1557,1562,1573,1576,1581,1585,1595,1603,1605,1606,1612,1619,1627,1632,1634,1642,1645,1648,1652,1662,1667,1669,1675,1678,1686,1688,1690,1693,1696,1697,1704,1707,1709,1716,1721,1722,1726,1729,1731,1735,1737,1740,1744,1748,1752,1756,1758,1764,1765,1768,1770,1775,1782,1788,1790,1794,1797,1801,1802,1806,1808,1811,1812,1813,1817
Latvia,0,0,0,0,0,0,0,0,0,0,0,0,0,0,0,0,0,0,0,0,0,0,0,0,0,0,0,0,0,0,0,0,0,0,0,0,0,0,0,0,0,0,0,0,0,0,0,0,0,0,0,0,0,0,0,0,0,0,0,0,0,0,0,0,0,0,0,0,0,0,0,0,1,1,1,1,2,2,3,3,3,5,5,5,5,5,5,5,5,5,9,11,11,12,12,12,13,13,15,15,16,16,16,16,17,17,18,18,18,18,18,18,19,19,19,19,19,19,21,21,22,22,22,22,22,22,23,24,24,24,24,24,24,24,25,25,25,25,26,26,26,26,27,28,28,28,28,30,30,30,30,30,30,30,30,30,30,30,30,30,30,30,30,30,30,30,30,30,30,30,30,30,30,31,31,31,31,31,31,31,31,31,31,31,31,31,31,31,31,31,31,32,32,32,32,32,32,32,32,32,32,32,32,32,32,32,32,32,32,33,33,33,33,33,33,33,33,33,34,34,34,34,34,34,34,34,35,35,35,35,35,35,35,35,35,35,35,35,35,36,36,36,36,36,36,36,36,36,36,36,36,37,37,37,38,38,38,39,40,40,40,40,40,40,40,41,41,41,42,43,44,44,47,47,49,50,54,56,60,63,63,64,69,71,74,77,79,85,88,95,96,99,101,103,105,107,116,121,123,126,132,137,141,146,153,153,162,175,184,188,190,193,197,206,210,224,235,242,253,262,272,288,293,304,319,324,349,352,357,382,394,409,427,439,443,459,479,486,502,515,559,578,603,626,635,644,668,680,692,722,754,790,801,818,849,864,882,909,920,935,961,978,983,1012,1032,1057,1076,1097,1111,1114,1126,1138,1148,1166,1180,1195,1202,1219,1250,1281,1309,1327,1339,1347,1363,1395,1416,1431,1443,1451,1468,1486,1508,1521,1533,1538,1542,1546,1570,1587,1593,1601,1614,1618,1621,1638,1654,1666,1680,1687,1695,1699,1705,1726,1737,1746,1757,1767,1769,1777,1789,1801,1811,1821,1826,1828,1840,1851,1864,1867,1872,1878,1883,1893,1899,1913,1922,1923,1931,1934,1937,1946,1963,1981,1986,1986,1990,2002,2019,2030,2042,2048,2053,2056,2071,2079,2088,2094,2101,2102
Lithuania,0,0,0,0,0,0,0,0,0,0,0,0,0,0,0,0,0,0,0,0,0,0,0,0,0,0,0,0,0,0,0,0,0,0,0,0,0,0,0,0,0,0,0,0,0,0,0,0,0,0,0,0,0,0,0,0,0,0,0,0,0,0,1,2,3,4,4,4,4,4,6,6,6,7,8,10,11,11,11,12,13,14,15,16,20,20,21,22,23,26,26,27,27,28,29,31,32,32,32,32,32,33,33,33,33,34,35,35,35,36,36,39,39,39,41,42,43,45,45,46,46,46,47,48,49,51,51,52,52,54,54,55,55,55,55,55,55,56,58,58,58,58,59,59,59,60,60,60,60,60,60,60,60,61,61,61,61,61,61,61,61,61,62,62,62,62,62,62,62,62,62,62,62,62,62,62,62,62,63,63,63,63,63,63,63,63,63,63,63,63,63,63,63,63,63,63,64,64,64,64,64,64,64,64,64,64,64,64,64,64,64,65,66,67,67,68,68,68,68,69,69,69,69,69,69,69,69,69,69,69,69,69,69,70,70,71,71,71,71,71,71,71,71,71,71,72,74,74,74,76,77,77,77,77,78,80,81,82,84,85,86,87,87,89,89,90,94,94,97,98,100,102,105,108,112,115,116,122,124,129,134,138,144,152,155,159,170,176,178,185,195,204,212,229,239,250,264,281,295,309,329,350,373,392,412,439,459,477,499,526,549,571,593,620,641,675,694,732,766,790,834,859,886,903,938,985,1039,1067,1112,1137,1180,1219,1265,1293,1339,1395,1430,1466,1510,1571,1613,1652,1695,1740,1796,1837,1888,1938,1975,2015,2049,2092,2133,2174,2203,2246,2280,2317,2350,2385,2419,2450,2476,2498,2523,2561,2597,2631,2654,2674,2691,2720,2749,2766,2791,2808,2830,2847,2867,2885,2908,2927,2937,2955,2972,2988,3013,3038,3057,3070,3080,3095,3113,3129,3145,3162,3171,3178,3189,3200,3209,3225,3234,3244,3253,3263,3281,3294,3303,3321,3328,3336,3341,3351,3363,3373,3389,3396,3410,3416,3427,3442,3452,3464,3476,3486,3501,3510,3521,3529,3539,3551,3560,3566,3574,3583,3594,3602,3610,3615,3623,3635,3647,3660,3671,3687,3697,3713,3718,3730,3739,3751,3760,3770,3785,3802,3818,3833,3841,3848
Luxembourg,0,0,0,0,0,0,0,0,0,0,0,0,0,0,0,0,0,0,0,0,0,0,0,0,0,0,0,0,0,0,0,0,0,0,0,0,0,0,0,0,0,0,0,0,0,0,0,0,0,0,0,0,1,1,1,1,2,4,4,8,8,8,8,8,9,15,18,21,22,23,29,30,31,31,36,41,44,46,52,54,62,66,69,69,69,69,72,72,73,75,78,80,83,85,85,88,88,89,89,90,92,92,96,96,96,98,100,100,101,101,101,102,103,103,104,104,107,107,109,109,109,109,109,110,110,110,110,110,110,110,110,110,110,110,110,110,110,110,110,110,110,110,110,110,110,110,110,110,110,110,110,110,110,110,110,110,110,110,110,110,110,110,110,110,110,110,110,110,110,110,110,110,111,111,111,111,111,111,111,111,111,111,111,112,112,112,112,112,113,114,114,114,116,117,118,118,118,119,119,120,120,121,122,122,122,122,123,123,124,124,124,124,124,124,124,124,124,124,124,124,124,124,124,124,124,124,124,124,124,124,124,124,124,124,124,124,124,124,124,124,124,124,124,124,124,124,124,124,124,124,124,124,124,125,125,125,125,127,128,128,129,130,131,132,133,133,133,133,133,133,133,135,136,138,140,141,141,141,147,147,147,150,152,152,152,160,167,171,177,180,180,180,193,198,198,211,219,219,219,236,240,248,254,260,260,260,273,283,288,294,300,300,300,321,330,334,339,345,345,345,360,360,360,384,392,392,392,410,418,421,428,434,434,434,450,453,458,458,458,458,458,487,489,495,495,495,495,495,508,514,517,521,527,527,527,535,538,542,545,549,549,549,557,560,562,562,562,562,562,566,570,571,574,577,577,577,584,586,587,588,590,590,590,597,600,602,604,606,606,606,611,612,616,619,622,622,622,628,629,632,634,637,637,637,639,641,643,647,652,652,652,663,668,673,675,681,681,681,693,697,704,705,714,714,714,719,726,728,736,738,738,738,741,743,746,749,750,750,750,750,761,762,762,763,763,763,772,777,784,785,785,785,785,786,786,788,790,790,790,790
Mexico,0,0,0,0,0,0,0,0,0,0,0,0,0,0,0,0,0,0,0,0,0,0,0,0,0,0,0,0,0,0,0,0,0,0,0,0,0,0,0,0,0,0,0,0,0,0,0,0,0,0,0,0,0,0,0,0,0,1,2,2,3,4,5,6,8,12,16,20,28,29,37,50,60,79,94,125,141,174,194,233,273,296,332,406,449,486,546,650,686,712,857,970,1069,1221,1305,1351,1434,1569,1732,1859,1972,2061,2154,2271,2507,2704,2961,3160,3353,3465,3573,3926,4220,4477,4767,5045,5177,5332,5666,6090,6510,6989,7179,7394,7633,8134,8597,9044,9415,9779,9930,10167,10637,11729,12545,13170,13511,13699,14053,14649,15357,15944,16448,16872,17141,17580,18310,19080,19747,20394,20781,21825,22584,23377,24324,25060,25779,26381,26648,27121,27769,28510,29189,29843,30366,30639,31119,32014,32796,33526,34191,34730,35006,35491,36327,36906,37574,38310,38888,39184,39485,40400,41190,41908,42645,43374,43680,44022,44876,45361,46000,46688,47472,47746,48012,48869,49698,50517,51311,52006,52298,53003,53929,54666,55293,55908,56543,56757,57023,57774,58481,59106,59610,60254,60480,60800,61450,62076,62594,63146,63819,64158,64414,65241,65816,66329,66851,67326,67558,67781,68484,69049,69649,70183,70604,70821,71049,71678,71978,72179,72803,73258,73493,73697,74348,74949,75439,75844,76243,76430,76603,77163,77646,78078,78492,78880,79088,81877,82348,82726,83096,83497,83642,83781,83945,84420,84898,85285,85704,86059,86167,86338,86893,87415,87415,88312,88743,88924,89171,89814,90309,90773,91289,91753,91895,92100,92593,93228,93772,94323,94808,95027,95225,95842,96430,97056,97624,98259,98542,98861,99026,99528,100104,100823,101373,101676,101926,102739,103597,104242,104873,105459,105655,105940,106765,107565,108173,108863,109456,109717,110074,110874,111655,112326,113019,113704,113953,114298,115099,115769,116487,117249,117876,118202,118598,119495,120311,121172,121837,122026,122426,122855,123845,124897,125807,126507,126851,127213,127757,128822,129987,131031,132069,133204,133706,134368,135682,136917,137916,139022,140241,140704,141248,142832,144371,146174,147614,149084,149614,150273,152016,153639,155145,156579,158074,158536,159100,159533,161240,161240,164290,165786,166200,166731,168432,169760,171234,172557,173771,174207,174657,175986,177061,178108,178965,179797,180107,180536,181809,182815,183692,184474,185257,185715,186152,187187,188044,188866,189578,190357,190604,190923,191789,192491,193152,193851,194490,194710,194944,195119,195908,196606,197219,197827,198036,198239,199048,199627,200211,200862,201429,201623,201832,202633,203210,203664,203854,204011,204147,204399,204985,205598,206146,207020,209212,209338,209702,210282,210812,211213,211693,212228,212339,212466,213048,213597,214095,214504,214853,214947
Netherlands,0,0,0,0,0,0,0,0,0,0,0,0,0,0,0,0,0,0,0,0,0,0,0,0,0,0,0,0,0,0,0,0,0,0,0,0,0,0,0,0,0,0,0,0,1,1,3,3,4,5,5,10,12,20,24,43,58,77,107,137,180,214,277,357,435,547,640,772,865,1040,1175,1341,1490,1656,1771,1874,2108,2255,2403,2520,2653,2747,2833,2955,3145,3327,3471,3613,3697,3764,3929,4068,4192,4304,4424,4491,4534,4582,4727,4811,4909,5003,5072,5098,5185,5221,5306,5377,5441,5459,5475,5529,5581,5609,5662,5689,5699,5713,5734,5767,5794,5807,5830,5841,5849,5875,5890,5922,5950,5970,5975,5981,5986,5996,6009,6024,6030,6032,6035,6050,6061,6063,6072,6076,6078,6084,6089,6093,6097,6100,6108,6109,6109,6114,6116,6119,6122,6124,6124,6126,6132,6134,6137,6139,6145,6146,6147,6151,6154,6156,6156,6156,6156,6156,6156,6156,6156,6157,6157,6157,6157,6157,6158,6158,6158,6159,6178,6178,6178,6178,6178,6178,6178,6178,6178,6178,6178,6178,6178,6178,6178,6178,6178,6182,6187,6189,6191,6194,6194,6197,6204,6215,6219,6225,6225,6227,6233,6241,6244,6247,6252,6252,6252,6260,6267,6268,6270,6275,6277,6278,6279,6281,6285,6290,6291,6292,6296,6300,6303,6310,6318,6320,6324,6327,6338,6344,6361,6377,6415,6423,6429,6443,6457,6470,6482,6503,6508,6509,6538,6574,6587,6601,6624,6642,6654,6689,6720,6749,6765,6797,6811,6828,6874,6934,6981,7026,7081,7108,7134,7204,7265,7321,7408,7459,7498,7527,7640,7748,7836,7954,8028,8072,8112,8211,8286,8375,8430,8516,8559,8603,8689,8772,8846,8898,8946,8967,9021,9111,9185,9260,9343,9403,9426,9453,9518,9584,9645,9704,9743,9768,9786,9857,9923,9985,10051,10104,10134,10168,10254,10333,10408,10492,10546,10578,10606,10720,10825,10914,11015,11062,11090,11135,11305,11417,11525,11624,11660,11707,11770,11922,12096,12182,12269,12406,12461,12512,12664,12786,12875,12969,13066,13107,13157,13264,13350,13439,13528,13616,13646,13686,13772,13841,13925,13981,14069,14108,14135,14218,14281,14346,14407,14468,14516,14543,14629,14710,14782,14847,14913,14936,14963,15050,15138,15211,15261,15323,15340,15372,15466,15529,15561,15626,15668,15688,15710,15775,15824,15857,15890,15931,15962,15990,16046,16077,16127,16153,16176,16200,16218,16251,16298,16332,16379,16395,16411,16426,16475,16510,16536,16561,16592,16607,16620,16657,16689,16713,16733,16766,16790,16801,16826,16850,16873,16915,16939,16959,16981,17018,17048,17063,17080,17114,17127,17150,17179,17202,17226,17245,17269,17281
New Zealand,0,0,0,0,0,0,0,0,0,0,0,0,0,0,0,0,0,0,0,0,0,0,0,0,0,0,0,0,0,0,0,0,0,0,0,0,0,0,0,0,0,0,0,0,0,0,0,0,0,0,0,0,0,0,0,0,0,0,0,0,0,0,0,0,0,0,0,1,1,1,1,1,1,1,1,1,1,1,1,2,4,4,5,9,9,9,11,11,12,12,13,14,17,18,18,19,19,19,19,19,20,20,20,20,21,21,21,21,21,21,21,21,21,21,21,21,21,21,21,21,21,21,21,21,21,21,22,22,22,22,22,22,22,22,22,22,22,22,22,22,22,22,22,22,22,22,22,22,22,22,22,22,22,22,22,22,22,22,22,22,22,22,22,22,22,22,22,22,22,22,22,22,22,22,22,22,22,22,22,22,22,22,22,22,22,22,22,22,22,22,22,22,22,22,22,22,22,22,22,22,22,22,22,22,22,22,22,22,22,22,22,22,22,22,22,22,22,22,22,22,22,22,22,22,22,22,24,24,24,24,24,24,24,24,24,24,24,25,25,25,25,25,25,25,25,25,25,25,25,25,25,25,25,25,25,25,25,25,25,25,25,25,25,25,25,25,25,25,25,25,25,25,25,25,25,25,25,25,25,25,25,25,25,25,25,25,25,25,25,25,25,25,25,25,25,25,25,25,25,25,25,25,25,25,25,25,25,25,25,25,25,25,25,25,25,25,25,25,25,25,25,25,25,25,25,25,25,25,25,25,25,25,25,25,25,25,25,25,25,25,25,25,25,25,25,25,25,25,25,25,25,25,25,25,25,25,25,25,25,25,25,25,25,25,25,25,25,25,25,25,25,25,25,25,25,25,25,25,25,25,25,25,25,25,25,25,25,25,25,25,26,26,26,26,26,26,26,26,26,26,26,26,26,26,26,26,26,26,26,26,26,26,26,26,26,26,26,26,26,26,26,26,26,26,26,26,26,26,26,26,26,26,26,26,26,26,26,26,26,26,26,26,26,26,26,26,26,26,26,26,26,26,26,26,26,26,26,26,26,26
Norway,0,0,0,0,0,0,0,0,0,0,0,0,0,0,0,0,0,0,0,0,0,0,0,0,0,0,0,0,0,0,0,0,0,0,0,0,0,0,0,0,0,0,0,0,0,0,0,0,0,0,0,0,3,3,3,3,6,7,7,7,7,10,12,14,14,19,23,25,32,39,44,50,59,62,71,76,89,101,108,113,119,128,134,139,150,152,161,164,165,181,182,187,194,199,201,201,205,206,207,210,210,211,211,214,215,216,217,218,219,219,224,228,229,232,232,232,232,233,233,234,235,235,235,235,235,235,235,236,236,236,236,236,237,237,238,238,238,238,239,239,239,242,242,242,242,242,242,243,244,244,244,244,248,248,249,249,249,249,249,249,250,251,251,251,251,251,251,251,251,252,252,252,252,253,253,253,254,255,255,255,255,255,255,255,255,255,255,255,255,255,255,255,255,255,256,256,256,256,256,256,256,256,256,256,257,261,261,261,261,262,262,264,264,264,264,264,264,264,264,264,264,264,264,264,264,264,264,264,264,264,264,264,265,265,265,265,265,265,265,266,267,267,267,267,267,267,270,270,270,270,274,274,274,274,275,275,275,275,275,275,275,275,275,275,276,277,277,278,278,278,278,278,278,279,279,279,279,279,279,280,280,281,282,282,282,282,282,282,284,285,285,285,285,285,285,291,294,294,294,294,298,300,305,306,306,306,311,314,316,316,328,328,328,332,334,351,353,354,354,354,359,361,361,382,387,387,387,393,395,402,404,404,404,404,405,405,421,421,421,421,421,429,433,436,436,436,436,436,449,452,465,467,472,472,472,478,482,509,511,517,517,517,521,525,543,544,544,544,544,548,550,556,557,564,564,564,567,568,574,582,582,582,582,582,583,592,592,592,592,592,593,593,607,607,607,607,607,608,608,620,620,622,622,622,623,623,632,632,632,632,632,632,632,632,639,639,639,639,640,641,648,648,648,648,648,649,649,656,656,656,656,656,660,661,673,673,673,673,673,676,677,683,684,684,684,684,687,688,706,707,708,708,708,709,709,734,735,736,736,736
Poland,0,0,0,0,0,0,0,0,0,0,0,0,0,0,0,0,0,0,0,0,0,0,0,0,0,0,0,0,0,0,0,0,0,0,0,0,0,0,0,0,0,0,0,0,0,0,0,0,0,0,1,2,3,3,4,5,5,5,5,5,7,8,10,14,16,16,18,22,31,33,43,57,71,79,94,107,129,159,174,181,208,232,245,263,286,314,332,347,360,380,401,426,454,494,524,535,562,596,624,644,651,664,678,698,716,733,755,776,785,800,811,839,861,883,907,915,925,936,948,962,972,982,993,996,1007,1024,1028,1038,1051,1061,1064,1074,1092,1115,1117,1137,1153,1157,1166,1183,1206,1215,1222,1237,1247,1256,1272,1286,1316,1334,1346,1356,1359,1375,1396,1412,1429,1435,1438,1444,1463,1477,1492,1507,1512,1517,1521,1528,1542,1551,1562,1568,1571,1576,1588,1594,1605,1612,1618,1624,1627,1636,1642,1651,1655,1664,1671,1676,1682,1694,1709,1716,1721,1731,1732,1738,1756,1774,1787,1800,1807,1809,1821,1830,1844,1858,1869,1877,1885,1896,1913,1925,1938,1951,1955,1960,1977,1994,2010,2018,2032,2033,2039,2058,2078,2092,2100,2113,2120,2124,2136,2147,2159,2169,2182,2188,2203,2227,2237,2253,2270,2282,2293,2298,2316,2344,2369,2392,2424,2432,2447,2483,2513,2543,2570,2604,2630,2659,2717,2792,2867,2919,2972,3004,3039,3101,3217,3308,3440,3524,3573,3614,3721,3851,4019,4172,4351,4438,4483,4615,4849,5149,5351,5631,5783,5875,6102,6475,6842,7287,7636,7872,8045,8375,8805,9080,9499,10045,10348,10491,10848,11451,12088,12714,13288,13618,13774,14314,14988,15568,16147,16746,17029,17150,17599,18208,18828,19359,19861,20089,20181,20592,21160,21630,22174,22676,22864,22960,23309,23914,24345,24771,25254,25397,25474,25783,26255,26752,26992,27061,27118,27147,27454,28019,28554,28956,29058,29119,29161,29502,30055,30241,30574,31011,31189,31264,31593,32074,32456,32844,33213,33355,33407,33698,34141,34561,34908,35253,35363,35401,35665,36054,36443,36780,37082,37180,37222,37476,37897,38344,38712,38994,39087,39132,39360,39721,40177,40424,40709,40807,40832,41028,41308,41582,41823,42077,42171,42188,42436,42808,43094,43353,43656,43769,43793,44008,44360,44649,44912,45159,45285,45317,45599,45997,46373,46724,47068,47178,47206,47578,48032,48388,48807,49159,49300,49365,49761,50340,50860,51305,51753,51884,51932,52392,53045,53665,54165,54737,54941,55005,55065,55703,56659,57427,58176,58421,58481,59126,59930,60612,61208,61825,62032,62133,62734,63473,64168,64707,65222,65415
Portugal,0,0,0,0,0,0,0,0,0,0,0,0,0,0,0,0,0,0,0,0,0,0,0,0,0,0,0,0,0,0,0,0,0,0,0,0,0,0,0,0,0,0,0,0,0,0,0,0,0,0,0,0,0,0,0,1,2,3,6,12,14,23,33,43,60,76,100,119,140,160,187,209,246,266,295,311,345,380,409,435,470,504,535,567,599,629,657,687,714,735,762,785,820,854,880,903,928,948,973,989,1007,1023,1043,1063,1074,1089,1105,1114,1126,1135,1144,1163,1175,1184,1190,1203,1218,1231,1247,1263,1277,1289,1302,1316,1330,1342,1356,1369,1383,1396,1410,1424,1436,1447,1455,1465,1474,1479,1485,1492,1497,1504,1505,1512,1517,1520,1522,1523,1524,1527,1528,1530,1534,1540,1543,1549,1555,1561,1564,1568,1576,1579,1587,1598,1605,1614,1620,1629,1631,1644,1646,1654,1660,1662,1668,1676,1679,1682,1684,1689,1691,1697,1702,1705,1712,1716,1717,1719,1722,1725,1727,1735,1737,1738,1738,1739,1740,1743,1746,1750,1756,1759,1761,1764,1770,1772,1775,1778,1779,1784,1786,1788,1792,1794,1796,1801,1805,1807,1809,1815,1818,1819,1822,1824,1827,1829,1833,1838,1840,1843,1846,1849,1852,1855,1860,1867,1871,1875,1878,1888,1894,1899,1912,1920,1925,1928,1931,1936,1944,1953,1957,1963,1971,1977,1983,1995,2005,2018,2032,2040,2050,2062,2067,2080,2094,2110,2117,2128,2149,2162,2181,2198,2213,2229,2245,2276,2297,2316,2343,2371,2395,2428,2468,2507,2544,2590,2635,2694,2740,2792,2848,2896,2959,3021,3103,3181,3250,3305,3381,3472,3553,3632,3701,3762,3824,3897,3971,4056,4127,4209,4276,4363,4427,4505,4577,4645,4724,4803,4876,4963,5041,5122,5192,5278,5373,5461,5559,5649,5733,5815,5902,5977,6063,6134,6191,6254,6343,6413,6478,6556,6619,6677,6751,6830,6906,6972,7045,7118,7196,7286,7377,7472,7590,7701,7803,7925,8080,8236,8384,8543,8709,8861,9028,9246,9465,9686,9920,10194,10469,10721,11012,11305,11608,11886,12179,12482,12757,13017,13257,13482,13740,13954,14158,14354,14557,14718,14885,15034,15183,15321,15411,15522,15649,15754,15821,15897,15962,16023,16086,16136,16185,16243,16276,16317,16351,16389,16430,16458,16486,16512,16540,16565,16595,16617,16635,16650,16669,16684,16694,16707,16722,16743,16754,16762,16768,16784,16794,16805,16814,16819,16827,16837,16843,16845,16848,16859,16868,16875,16879,16885,16887,16890,16899,16904,16910,16916,16918,16923,16931,16933,16937,16942,16945,16946,16951,16952,16956,16957,16959,16965
Slovakia,0,0,0,0,0,0,0,0,0,0,0,0,0,0,0,0,0,0,0,0,0,0,0,0,0,0,0,0,0,0,0,0,0,0,0,0,0,0,0,0,0,0,0,0,0,0,0,0,0,0,0,0,0,0,0,0,1,1,1,1,1,1,1,1,1,1,1,1,1,1,1,1,1,1,1,2,2,2,2,2,2,2,2,2,6,8,9,11,12,13,14,14,15,17,17,18,18,20,22,23,23,24,24,25,25,25,26,26,26,26,26,27,27,27,27,28,28,28,28,28,28,28,28,28,28,28,28,28,28,28,28,28,28,28,28,28,28,28,28,28,28,28,28,28,28,28,28,28,28,28,28,28,28,28,28,28,28,28,28,28,28,28,28,28,28,28,28,28,28,28,28,28,28,28,28,28,28,28,28,28,28,28,28,28,28,28,28,28,28,28,28,29,29,29,29,29,29,29,31,31,31,31,31,31,31,31,31,31,31,31,33,33,33,33,33,33,33,33,33,33,33,33,33,33,33,37,37,37,37,37,37,37,37,37,38,38,38,38,38,39,39,39,39,39,40,41,41,41,44,44,44,45,48,48,54,54,55,55,55,55,57,57,61,61,61,61,66,71,71,82,88,92,98,98,115,134,159,159,165,176,184,200,212,219,219,219,235,261,286,317,351,351,366,390,414,464,491,510,510,526,557,579,579,614,644,671,693,709,732,749,771,798,816,839,868,898,930,957,981,996,1018,1046,1084,1104,1122,1148,1175,1205,1251,1309,1378,1440,1510,1555,1618,1618,1686,1732,1732,1732,1773,1879,1983,2065,2138,2250,2250,2317,2521,2603,2657,2717,2788,2836,2918,3007,3102,3163,3260,3362,3417,3474,3526,3637,3737,3801,3894,3965,4068,4068,4260,4361,4411,4495,4565,4642,4711,4784,4889,4976,5050,5135,5199,5271,5382,5502,5629,5733,5812,5885,5952,6063,6168,6271,6350,6424,6505,6577,6671,6775,6859,6966,7075,7189,7270,7388,7489,7560,7665,7739,7836,7921,8037,8146,8244,8346,8440,8528,8605,8669,8738,8814,8894,8978,9044,9104,9190,9261,9313,9373,9426,9496,9542,9624,9719,9790,9877,9948,10025,10094,10094,10243,10322,10411,10487,10565,10630,10716,10798,10877,10970,11043,11106,11172,11244,11304,11357,11405,11458,11495
Slovenia,0,0,0,0,0,0,0,0,0,0,0,0,0,0,0,0,0,0,0,0,0,0,0,0,0,0,0,0,0,0,0,0,0,0,0,0,0,0,0,0,0,0,0,0,0,0,0,0,0,0,0,0,1,1,1,1,1,1,1,1,2,3,4,5,6,9,9,11,11,15,15,17,20,22,28,30,36,40,43,45,50,53,55,56,61,61,66,70,74,77,77,79,79,80,81,82,83,86,89,91,92,94,96,97,98,99,99,100,101,102,102,102,103,103,103,103,104,104,104,105,106,106,106,107,107,108,108,108,108,108,108,109,109,109,109,109,109,109,109,109,109,109,109,109,109,109,109,109,109,109,109,109,109,109,109,109,109,109,111,111,111,111,111,111,111,111,111,111,111,111,111,111,111,111,111,111,111,111,111,112,113,114,115,115,115,116,116,116,117,117,117,119,119,120,122,123,124,125,125,126,127,128,129,129,129,129,129,129,129,129,129,129,130,131,131,133,133,133,133,133,133,133,133,133,134,134,134,135,135,135,135,135,135,135,135,135,135,135,135,136,140,141,142,142,142,143,145,145,146,147,149,149,150,152,154,155,155,156,159,159,160,165,167,167,169,173,175,176,180,184,188,190,192,200,211,214,235,240,251,264,278,292,315,338,363,388,412,441,471,497,531,554,578,605,645,686,724,765,797,831,876,919,964,995,1026,1052,1097,1156,1199,1245,1293,1336,1384,1435,1490,1547,1592,1653,1700,1744,1796,1862,1900,1949,1998,2041,2063,2107,2149,2190,2233,2274,2314,2353,2379,2418,2454,2479,2507,2532,2565,2595,2631,2665,2697,2728,2774,2803,2838,2868,2899,2922,2947,2973,2998,3022,3053,3070,3093,3121,3140,3180,3206,3231,3257,3284,3309,3329,3360,3379,3406,3425,3448,3468,3490,3503,3522,3541,3564,3580,3595,3612,3623,3635,3654,3667,3677,3692,3705,3717,3728,3733,3745,3755,3762,3769,3776,3784,3792,3802,3809,3823,3836,3836,3854,3863,3874,3878,3882,3888,3891,3897,3904,3908,3918,3926,3929,3934,3938,3941,3948,3951,3961,3967,3972,3976,3985,3994,3998,4008,4011,4018,4024,4040,4047,4054,4063,4068,4075,4082,4089,4092,4097,4100,4112,4119,4126,4130,4135,4142,4147,4153,4159,4167,4172,4176,4187,4195,4203,4208
Spain,0,0,0,0,0,0,0,0,0,0,0,0,0,0,0,0,0,0,0,0,0,0,0,0,0,0,0,0,0,0,0,0,0,0,0,0,0,0,0,0,0,1,2,3,5,10,17,28,35,54,55,133,195,289,342,533,623,830,1043,1375,1772,2311,2808,3647,4365,5138,5982,6803,7716,8464,9387,10348,11198,11947,12641,13341,14045,14792,15447,16081,16606,17209,17756,18056,18708,19315,20002,20043,20453,20852,21282,21717,22157,22524,22902,23190,23521,23822,24275,24543,24543,25100,25264,25428,25613,25857,26070,26299,26478,26621,26744,26920,27104,27321,27459,27563,27563,27709,27778,27888,27940,28628,28678,28752,28752,28752,28752,28752,28752,28752,28752,28752,28752,28752,28752,28752,28752,28752,28752,28752,28752,28752,28752,28752,28752,28752,28752,28752,28752,28752,28752,28752,28752,28752,28752,28752,28752,28752,28752,28752,28752,28752,28752,28752,28752,28752,28752,28752,28752,28752,28752,28752,28752,28752,28752,28752,28752,28752,28752,28752,28752,28752,28752,28752,28752,28752,28752,28752,28752,28752,28752,28752,28752,28752,28752,28752,28752,28752,28752,28752,28752,28752,28752,28752,28752,28752,28752,28752,28752,28752,28797,28813,28838,28838,28838,28872,28924,28971,28996,29011,29011,29011,29094,29152,29194,29234,29418,29418,29418,29516,29594,29628,29699,29747,29747,29747,29848,30004,30243,30405,30495,30495,30495,30663,30904,31034,31118,31232,31232,31232,31411,31411,31791,31973,32086,32086,32086,32225,32486,32562,32688,32929,32929,32929,33124,33204,33413,33553,33775,33775,33775,33992,34210,34366,34521,34752,34752,34752,35031,35298,35466,35639,35878,35878,35878,36257,36495,38118,38486,38833,38833,38833,39345,39345,40105,40461,40769,40769,40769,41253,41688,42039,42291,42619,42619,42619,43131,43668,44037,44374,44668,44668,44668,45069,45511,45784,46038,46252,46252,46252,46646,46646,47019,47344,47624,47624,47624,48013,48401,48596,48777,48926,48926,48926,49260,49520,49698,49824,49824,49824,49824,50122,50442,50689,50837,50837,50837,50837,51078,51430,51430,51675,51874,51874,51874,52275,52683,52878,53079,53314,53314,53314,53769,54173,54637,55041,55441,55441,55441,56208,56794,57291,57806,58319,58319,58319,59081,59805,60370,60802,61386,61386,61386,62295,63061,63704,64217,64747,64747,64747,65449,65979,66316,66704,67101,67101,67101,67636,68079,68468,68813,69142,69142,69142,69609,69801,70247,70501,71138,71138,71138,71436,71727,71961,72085,72258,72258,72258,72424,72565,72793,72910,72910,72910,72910,73543,73744,73744,74420,75010,75010,75010,75199,75305,75459,75541,75541,75698,75698,75783,75911,76037,76179,76328,76328,76328,76525,76625,76756,76882,76981,76981,76981,77102,77102,77364,77496,77591,77591,77591
Sweden,0,0,0,0,0,0,0,0,0,0,0,0,0,0,0,0,0,0,0,0,0,0,0,0,0,0,0,0,0,0,0,0,0,0,0,0,0,0,0,0,0,0,0,0,0,0,0,0,1,1,2,3,5,7,8,14,21,30,38,49,60,81,103,134,166,201,239,284,332,385,455,535,605,605,605,605,605,687,793,870,887,899,919,1033,1203,1333,1400,1511,1540,1580,1765,1937,2021,2152,2192,2194,2274,2355,2462,2586,2653,2669,2679,2769,2854,2941,3040,3175,3220,3225,3256,3313,3460,3529,3646,3674,3679,3698,3743,3831,3871,3925,3992,3998,4029,4125,4220,4266,4350,4395,4395,4403,4468,4542,4562,4639,4656,4659,4694,4717,4795,4814,4854,4874,4874,4891,4939,5041,5053,5053,5053,5053,5053,5161,5209,5230,5280,5280,5280,5280,5333,5370,5411,5420,5420,5420,5420,5447,5482,5500,5526,5526,5526,5526,5545,5572,5593,5619,5619,5619,5619,5646,5667,5676,5697,5697,5697,5697,5702,5730,5739,5743,5743,5743,5743,5747,5760,5766,5766,5766,5766,5766,5770,5774,5776,5783,5783,5783,5783,5790,5802,5805,5810,5810,5810,5810,5814,5817,5820,5821,5821,5821,5821,5821,5821,5832,5835,5835,5835,5835,5838,5842,5843,5846,5846,5846,5846,5846,5860,5864,5865,5865,5865,5865,5865,5876,5878,5880,5880,5880,5880,5880,5893,5893,5895,5895,5895,5895,5895,5895,5895,5895,5895,5895,5895,5895,5907,5910,5918,5918,5918,5918,5918,5929,5930,5933,5933,5933,5933,5933,5933,5934,5938,5938,5938,5938,5938,5997,6002,6022,6022,6022,6022,6022,6082,6122,6164,6164,6164,6164,6164,6321,6340,6406,6406,6406,6406,6406,6555,6622,6681,6681,6681,6681,6681,6972,7007,7067,7067,7067,7067,7067,7296,7354,7514,7514,7514,7514,7514,7802,7893,7993,7993,7993,7993,7993,8279,8279,8279,8279,8279,8279,8279,8727,8727,8727,8727,8727,8727,8965,8965,9262,9433,9433,9433,9433,9433,9834,10185,10323,10323,10323,10323,10323,10797,10921,11005,11005,11005,11005,11247,11425,11520,11591,11591,11591,11591,11815,11939,12028,12115,12115,12115,12115,12188,12326,12370,12428,12428,12428,12428,12487,12569,12598,12649,12649,12649,12649,12713,12793,12798,12826,12826,12826,12826,12882,12964,12977,13003,13003,13003,13003,13042,13088,13111,13146,13146,13146,13146,13172,13228,13236,13262,13262,13262,13262,13315,13357,13373,13402,13402,13402,13402,13430,13465,13498,13498,13498,13498,13498,13533,13578,13595,13621,13621,13621,13621,13660,13720,13761,13788,13788,13788,13788,13825,13863,13882,13923,13923,13923
Switzerland,0,0,0,0,0,0,0,0,0,0,0,0,0,0,0,0,0,0,0,0,0,0,0,0,0,0,0,0,0,0,0,0,0,0,0,0,0,0,0,0,0,0,0,1,1,1,2,2,3,4,4,11,13,14,14,27,28,41,54,75,98,120,122,153,191,231,264,300,359,433,488,536,591,666,715,765,821,895,948,1002,1036,1106,1138,1174,1239,1281,1327,1368,1393,1429,1478,1509,1549,1589,1599,1610,1665,1699,1716,1737,1754,1762,1762,1784,1795,1805,1810,1823,1830,1833,1845,1867,1870,1872,1878,1879,1881,1886,1891,1892,1898,1903,1905,1906,1913,1915,1917,1919,1919,1919,1920,1920,1920,1921,1921,1921,1921,1921,1923,1934,1936,1937,1938,1938,1938,1939,1954,1956,1956,1956,1956,1956,1956,1956,1958,1958,1962,1962,1962,1962,1963,1965,1965,1965,1965,1965,1965,1966,1966,1966,1966,1968,1968,1968,1968,1968,1969,1969,1969,1969,1971,1972,1972,1975,1977,1977,1977,1978,1978,1979,1980,1981,1981,1981,1981,1981,1984,1985,1986,1986,1986,1987,1990,1991,1991,1991,1991,1991,1991,1992,1996,1998,2000,2000,2001,2001,2002,2003,2003,2004,2005,2005,2006,2011,2011,2013,2013,2013,2013,2014,2018,2019,2020,2020,2020,2021,2025,2028,2039,2042,2045,2045,2045,2050,2054,2060,2061,2064,2064,2064,2065,2069,2074,2074,2075,2076,2077,2078,2081,2082,2087,2088,2088,2088,2096,2103,2109,2115,2122,2122,2123,2138,2145,2145,2145,2145,2145,2145,2145,2147,2158,2200,2277,2297,2326,2404,2471,2555,2628,2710,2749,2772,2902,3013,3113,3216,3315,3351,3369,3536,3664,3765,3879,3992,4031,4056,4222,4308,4393,4509,4571,4621,4650,4815,4940,5045,5181,5293,5324,5349,5495,5593,5710,5824,5928,5976,5985,6154,6266,6379,6487,6561,6602,6622,6781,6924,7029,7098,7159,7193,7210,7362,7493,7594,7645,7704,7729,7747,7918,8018,8109,8178,8230,8253,8267,8364,8470,8521,8586,8646,8675,8682,8792,8859,8924,8971,9034,9050,9065,9146,9204,9260,9308,9354,9370,9381,9452,9489,9530,9556,9584,9606,9613,9651,9687,9711,9729,9747,9755,9765,9776,9817,9849,9876,9883,9886,9887,9907,9930,9942,9954,9961,9966,9966,9988,10005,10014,10022,10041,10046,10048,10056,10065,10082,10090,10104,10108,10112,10118,10147,10163,10183,10203,10203,10213,10239,10247,10276,10284,10298,10299,10300,10305,10322,10337,10350,10351,10351,10353,10377,10403,10432,10445,10450,10452,10453,10466,10472,10488,10498,10505,10505,10508,10521,10532,10546,10555,10566,10594,10594
Turkey,0,0,0,0,0,0,0,0,0,0,0,0,0,0,0,0,0,0,0,0,0,0,0,0,0,0,0,0,0,0,0,0,0,0,0,0,0,0,0,0,0,0,0,0,0,0,0,0,0,0,0,0,0,0,0,1,1,3,4,9,30,37,44,59,75,92,108,131,168,214,277,356,425,501,574,649,725,812,908,1006,1101,1198,1296,1403,1518,1643,1769,1890,2017,2140,2259,2376,2491,2600,2706,2805,2900,2992,3081,3174,3258,3336,3397,3461,3520,3584,3641,3689,3739,3786,3841,3894,3952,4007,4055,4096,4140,4171,4199,4222,4249,4276,4308,4340,4369,4397,4431,4461,4489,4515,4540,4563,4585,4609,4630,4648,4669,4692,4711,4729,4746,4763,4778,4792,4807,4825,4842,4861,4882,4905,4927,4950,4974,5001,5025,5046,5065,5082,5097,5115,5131,5150,5167,5186,5206,5225,5241,5260,5282,5300,5323,5344,5363,5382,5402,5419,5440,5458,5475,5491,5508,5526,5545,5563,5580,5596,5613,5630,5645,5659,5674,5691,5710,5728,5747,5765,5784,5798,5813,5829,5844,5858,5873,5891,5912,5934,5955,5974,5996,6016,6039,6058,6080,6102,6121,6139,6163,6183,6209,6245,6284,6326,6370,6417,6462,6511,6564,6620,6673,6730,6782,6837,6895,6951,6999,7056,7119,7186,7249,7315,7377,7445,7506,7574,7639,7711,7785,7858,7929,7997,8062,8130,8195,8262,8325,8384,8441,8498,8553,8609,8667,8722,8778,8837,8895,8957,9014,9080,9153,9224,9296,9371,9445,9513,9584,9658,9727,9799,9874,9950,10027,10099,10177,10252,10326,10402,10481,10558,10639,10722,10803,10887,10972,11059,11145,11233,11326,11418,11507,11601,11704,11820,11943,12084,12219,12358,12511,12672,12840,13014,13191,13373,13558,13746,13936,14129,14316,14509,14705,14900,15103,15314,15531,15751,15977,16199,16417,16646,16881,17121,17364,17610,17851,18097,18351,18602,18861,19115,19371,19624,19878,20135,20388,20642,20881,21093,21295,21488,21685,21879,22070,22264,22450,22631,22807,22981,23152,23325,23495,23664,23832,23997,24161,24328,24487,24640,24789,24933,25073,25210,25344,25476,25605,25736,25865,25993,26117,26237,26354,26467,26577,26685,26797,26900,26998,27093,27187,27284,27377,27471,27562,27652,27738,27821,27903,27983,28060,28138,28213,28285,28358,28432,28503,28569,28638,28706,28771,28839,28901,28965,29030,29094,29160,29227,29290,29356,29421,29489,29552,29623,29696,29777,29864,29959,30061,30178,30316,30462,30619,30772,30923,31076,31230,31385,31537,31713,31892,32078,32263,32456,32667,32943,33201,33454,33702,33939,34182,34455,34734,35031,35320,35608,35926,36267,36613,36975,37329,37672,38011,38358
US,0,0,0,0,0,0,0,0,0,0,0,0,0,0,0,0,0,0,0,0,0,0,0,0,0,0,0,0,0,0,0,0,0,0,0,0,0,0,1,1,6,7,11,12,14,17,21,22,28,33,43,51,58,70,97,134,194,266,372,475,596,788,1031,1364,1783,2305,2947,3571,4284,5369,6652,8164,9595,11158,12773,14544,17119,19279,21482,23676,25803,27677,29686,32120,34732,36875,38985,40958,42929,45158,47672,50132,52588,54776,56487,57886,59394,61618,64036,66231,68140,69871,71061,72440,74682,76996,78925,80688,82156,83134,84176,85774,87501,89297,90965,92163,92984,94211,95667,97168,98353,99570,100659,101298,101890,102567,104029,105130,106263,107217,107832,108608,109589,110599,111612,112503,113145,113604,114111,115024,115900,116730,117559,118294,118639,119035,119849,120588,121277,121906,122465,122782,123189,123937,124674,125211,125840,126343,126661,127046,127599,128303,129016,129686,130001,130327,130703,131865,132690,133710,134527,135255,135727,136172,137100,138075,139031,139955,140812,141292,141855,142946,144170,145240,146347,147277,147808,148934,150264,151678,152909,154146,155239,155676,156257,157539,158977,160221,161458,162536,163059,163695,164715,166214,167281,168617,169617,170234,170726,171952,173291,174394,175485,176394,176939,177412,178648,179814,180928,181905,182806,183259,183801,184831,185910,186947,187905,188667,189136,189431,189884,191044,191960,193134,193836,194271,194702,195902,196858,197719,198615,199347,199612,200039,201071,202127,203024,203968,204736,205051,205409,206242,207200,208073,208933,209616,209997,210478,211164,212091,213080,214048,214706,215177,215571,216367,217357,218206,219143,219905,220398,220877,221800,222921,223836,224803,225754,226216,226749,227722,228757,229761,230822,231732,232228,232800,234378,235493,236648,237887,238968,239539,240318,241736,243172,244376,245576,246923,247699,248528,250249,252167,254219,256176,257795,258827,259926,262055,264318,265702,267250,268610,269646,270991,273535,276347,279300,281999,284352,285697,287301,289920,293102,296097,299514,301972,303598,305248,308365,312029,315528,318493,321146,322860,324776,328175,331599,334505,335929,337813,339240,341243,344874,348605,352085,354234,356741,358188,360280,363994,367920,371905,376012,379333,381332,383435,387909,391937,395923,399815,403219,405116,406651,409383,413791,417995,421840,425185,427084,429057,433064,437024,441061,444695,447481,449332,451399,454828,458734,462470,466158,468799,470235,471852,474926,478236,481443,484372,486570,487731,488689,490437,492842,495361,497992,499810,501057,502380,504654,507832,510278,512346,513861,514955,516474,518424,520915,522853,524638,526143,526840,527580,529387,530958,532525,534093,535089,535669,536425,537601,538833,540496,541643,542385,542824,543543,544418,545930,547339,548486,549272,549791,550499,551381,552468,553539,554487,555220,555505,556017,556869,559451,560461,561339,562052,562339,562809,563634,564591,565482,566347,567027,567344,567825,568649,569491,570434,571197,571921,572200
United Kingdom,0,0,0,0,0,0,0,0,0,0,0,0,0,0,0,0,0,0,0,0,0,0,0,0,0,0,0,0,0,0,0,0,0,0,0,0,0,0,0,0,0,0,0,0,1,2,2,3,7,7,9,10,29,43,66,83,118,164,196,254,289,365,513,704,886,1174,1466,1679,2053,2457,3130,3787,4524,5281,5882,6452,7557,8589,9706,10829,11673,12330,13055,14135,15019,16059,16973,18081,18514,19090,20314,21171,21855,22873,23689,24053,24376,25347,26118,26754,27454,28039,28292,28565,29290,29937,30395,30975,31250,31467,31655,32270,32718,33071,33422,33833,33900,34046,34547,34876,35149,35440,35660,36039,36143,36274,36696,37039,37313,37467,37527,37613,37863,38117,38247,38505,38648,38702,38749,38946,39110,39186,39317,39424,39451,39480,39600,39710,39777,39861,39932,39963,39976,40070,40157,40256,40333,40373,40404,40425,40479,40576,40617,40666,40698,40717,40728,40782,40839,40870,40904,40921,40930,40940,40984,41010,41034,41060,41069,41080,41090,41115,41132,41141,41173,41188,41196,41199,41220,41254,41254,41274,41287,41292,41293,41311,41325,41343,41355,41358,41363,41381,41394,41414,41432,41443,41446,41451,41454,41466,41483,41489,41491,41509,41515,41519,41535,41552,41564,41573,41585,41586,41589,41592,41602,41616,41626,41638,41640,41643,41675,41683,41697,41703,41712,41717,41726,41753,41773,41794,41821,41848,41866,41877,41914,41951,41991,42025,42060,42077,42090,42162,42233,42292,42358,42407,42440,42459,42535,42605,42682,42769,42850,42915,42965,43108,43245,43383,43519,43669,43736,43816,44057,44248,44437,44661,44835,44986,45088,45455,45765,46045,46319,46645,46807,46943,47340,47832,48210,48565,48978,49134,49329,49861,50457,51020,51396,51858,52026,52240,52839,53368,53870,54381,54721,55120,55327,55935,56630,57128,57648,58127,58342,58545,59148,59796,60210,60714,61111,61342,61531,62130,62663,63179,63603,64123,64267,64500,65006,65618,66150,66640,67177,67503,67718,68409,69157,69732,70302,70513,70860,71217,71675,72657,73622,74237,74682,75137,75547,76428,77470,78632,79965,81000,81567,82096,83342,84910,86163,87448,88747,89429,90031,91643,93469,94765,96166,97518,98129,98723,100359,102085,103324,104572,105777,106367,106774,108225,109547,110462,111477,112305,112681,113014,114066,115068,115748,116507,117128,117387,117622,118421,119159,119614,120147,120593,120810,120988,121536,121979,122303,122648,122939,123083,123187,123530,124017,124259,124495,124654,124736,124801,125032,125222,125403,125579,125701,125753,125817,125927,126068,126163,126263,126359,126393,126411,126523,126621,126684,126755,126813,126834,126857,126912,126955,127006,127058,127068,127078,127106,127126,127171,127224,127284,127324,127331,127346,127369,127407,127438,127472,127508,127518,127524,127557,127577,127597,127638,127670,127681